,Season,Rank,Player,Pos,Age,G,MP,PTS,AST,TRB,STL,BLK,FG%,eFG%,FT%,PF,WS,WS/48,First,Pts Won,Pts Max,Share,MVP
0,1996-97,1,Karl Malone,PF,33,82,36.6,27.4,4.5,9.9,1.4,0.6,0.55,0.55,0.755,2.6,16.7,0.268,63,986,1150,0.857,1
1,1996-97,2,Michael Jordan,SG,33,82,37.9,29.6,4.3,5.9,1.7,0.5,0.486,0.516,0.833,1.9,18.3,0.283,52,957,1150,0.8320000000000001,0
2,1996-97,3,Grant Hill,SF,24,80,39.3,21.4,7.3,9.0,1.8,0.6,0.496,0.5,0.711,2.3,14.6,0.223,0,376,1150,0.327,0
3,1996-97,4,Tim Hardaway,PG,30,81,38.7,20.3,8.6,3.4,1.9,0.1,0.415,0.489,0.799,2.0,12.9,0.198,0,238,1150,0.207,0
4,1996-97,5,Glen Rice,SF,29,79,42.6,26.8,2.0,4.0,0.9,0.3,0.477,0.546,0.867,2.4,10.8,0.154,0,134,1150,0.1169999999999999,0
5,1996-97,6,Gary Payton,PG,28,82,39.2,21.8,7.1,4.6,2.4,0.2,0.476,0.517,0.715,2.5,12.9,0.193,0,105,1150,0.091,0
6,1996-97,7,Hakeem Olajuwon,C,34,78,36.6,23.2,3.0,9.2,1.5,2.2,0.51,0.512,0.787,3.2,9.1,0.154,0,95,1150,0.083,0
7,1996-97,8,Patrick Ewing,C,34,78,37.0,22.4,2.0,10.7,0.9,2.4,0.488,0.489,0.754,3.2,9.8,0.163,0,57,1150,0.05,0
8,1996-97,9T,Anthony Mason,PF,30,73,43.1,16.2,5.7,11.4,1.0,0.5,0.525,0.525,0.745,2.8,11.4,0.173,0,7,1150,0.006,0
9,1996-97,9T,Shaquille O'Neal,C,24,51,38.1,26.2,3.1,12.5,0.9,2.9,0.557,0.557,0.484,3.5,8.0,0.197,0,7,1150,0.006,0
10,1996-97,11,Scottie Pippen,SF,31,82,37.7,20.2,5.7,6.5,1.9,0.5,0.474,0.531,0.701,2.6,13.1,0.203,0,6,1150,0.005,0
11,1996-97,12,Alonzo Mourning,C,26,66,35.2,19.8,1.6,9.9,0.8,2.9,0.534,0.535,0.642,4.1,8.4,0.174,0,5,1150,0.004,0
12,1996-97,13T,Mitch Richmond,SG,31,81,38.6,25.9,4.2,3.9,1.5,0.3,0.454,0.519,0.861,2.6,10.8,0.166,0,4,1150,0.003,0
13,1996-97,16,Charles Barkley,PF,33,53,37.9,19.2,4.7,13.5,1.3,0.5,0.484,0.526,0.694,2.9,9.4,0.224,0,2,1150,0.002,0
14,1996-97,17T,Tom Gugliotta,PF,27,81,38.7,20.6,4.1,8.7,1.6,1.1,0.442,0.451,0.82,2.9,6.7,0.103,0,1,1150,0.001,0
15,1996-97,17T,Allen Iverson,PG,21,76,40.1,23.5,7.5,4.1,2.1,0.3,0.416,0.467,0.702,3.1,4.1,0.065,0,1,1150,0.001,0
16,1996-97,17T,Kevin Johnson,PG,30,70,38.0,20.1,9.3,3.6,1.5,0.2,0.496,0.546,0.852,2.0,11.7,0.211,0,1,1150,0.001,0
17,1996-97,17T,Steve Smith,SG,27,72,39.1,20.1,4.2,3.3,0.9,0.3,0.429,0.486,0.847,2.4,9.1,0.154,0,1,1150,0.001,0
18,1997-98,1,Michael Jordan,SG,34,82,38.8,28.7,3.5,5.8,1.7,0.5,0.465,0.473,0.784,1.8,15.8,0.238,92,1084,1160,0.934,1
19,1997-98,2,Karl Malone,PF,34,81,37.4,27.0,3.9,10.3,1.2,0.9,0.53,0.531,0.761,2.9,16.4,0.259,20,842,1160,0.726,0
20,1997-98,3,Gary Payton,PG,29,82,38.4,19.2,8.3,4.6,2.3,0.2,0.453,0.505,0.744,2.4,12.5,0.19,3,431,1160,0.372,0
21,1997-98,4,Shaquille O'Neal,C,25,60,36.3,28.3,2.4,11.4,0.7,2.4,0.584,0.584,0.527,3.2,10.2,0.224,1,311,1160,0.268,0
22,1997-98,5,Tim Duncan,PF,21,82,39.1,21.1,2.7,11.9,0.7,2.5,0.549,0.549,0.662,3.1,12.8,0.192,0,148,1160,0.128,0
23,1997-98,6,Tim Hardaway,PG,31,81,37.4,18.9,8.3,3.7,1.7,0.2,0.431,0.49,0.781,2.5,11.7,0.185,0,71,1160,0.061,0
24,1997-98,7,David Robinson,C,32,73,33.7,21.6,2.7,10.6,0.9,2.6,0.511,0.511,0.735,2.8,13.8,0.269,0,36,1160,0.031,0
25,1997-98,8,Vin Baker,C,26,82,35.9,19.2,1.9,8.0,1.1,1.0,0.542,0.543,0.591,3.4,10.4,0.169,0,24,1160,0.021,0
26,1997-98,9,Grant Hill,SF,25,81,40.7,21.1,6.8,7.7,1.8,0.7,0.452,0.453,0.74,2.4,10.2,0.149,0,23,1160,0.02,0
27,1997-98,10,Scottie Pippen,SF,32,44,37.5,19.1,5.8,5.2,1.8,1.0,0.447,0.491,0.777,2.6,6.6,0.193,0,14,1160,0.012,0
28,1997-98,11,Glen Rice,SF,30,82,40.2,22.3,2.2,4.3,0.9,0.3,0.457,0.504,0.849,2.4,9.3,0.136,0,7,1160,0.006,0
29,1997-98,12,Antoine Walker,PF,21,82,39.9,22.4,3.3,10.2,1.7,0.7,0.423,0.45,0.645,3.2,4.7,0.07,0,6,1160,0.005,0
30,1997-98,15,Mitch Richmond,SG,32,70,36.7,23.2,4.0,3.3,1.3,0.2,0.445,0.498,0.864,2.2,7.9,0.148,0,3,1160,0.003,0
31,1997-98,16T,Reggie Miller,SG,32,81,34.5,19.5,2.1,2.9,1.0,0.1,0.477,0.553,0.868,1.8,12.0,0.206,0,2,1160,0.002,0
32,1997-98,16T,Rik Smits,C,31,73,28.6,16.7,1.4,6.9,0.5,1.2,0.495,0.495,0.783,3.3,6.1,0.141,0,2,1160,0.002,0
33,1997-98,18T,Michael Finley,SF,24,82,41.4,21.5,4.9,5.3,1.6,0.4,0.449,0.477,0.784,2.0,7.5,0.106,0,1,1160,0.001,0
34,1997-98,18T,Rod Strickland,PG,31,76,39.7,17.8,10.5,5.3,1.7,0.3,0.434,0.439,0.726,2.4,8.1,0.129,0,1,1160,0.001,0
35,1998-99,1,Karl Malone,PF,35,49,37.4,23.8,4.1,9.4,1.3,0.6,0.493,0.493,0.788,2.7,9.6,0.252,44,827,1180,0.701,1
36,1998-99,2,Alonzo Mourning,C,28,46,38.1,20.1,1.6,11.0,0.7,3.9,0.511,0.511,0.652,3.5,7.9,0.216,36,773,1180,0.655,0
37,1998-99,3,Tim Duncan,PF,22,50,39.3,21.7,2.4,11.4,0.9,2.5,0.495,0.495,0.69,2.9,8.7,0.213,30,740,1180,0.627,0
38,1998-99,4,Allen Iverson,SG,23,48,41.5,26.8,4.6,4.9,2.3,0.1,0.412,0.439,0.751,2.0,7.2,0.173,5,319,1180,0.27,0
39,1998-99,5,Jason Kidd,PG,25,50,41.2,16.9,10.8,6.8,2.3,0.4,0.444,0.476,0.757,2.2,8.1,0.188,2,159,1180,0.135,0
40,1998-99,6,Shaquille O'Neal,C,26,49,34.8,26.3,2.3,10.7,0.7,1.7,0.576,0.576,0.54,3.2,9.0,0.255,1,89,1180,0.075,0
41,1998-99,7,Chris Webber,PF,25,42,40.9,20.0,4.1,13.0,1.4,2.1,0.486,0.488,0.454,3.5,3.6,0.102,0,51,1180,0.043,0
42,1998-99,8,Grant Hill,SF,26,50,37.0,21.1,6.0,7.1,1.6,0.5,0.479,0.479,0.752,2.3,7.3,0.189,0,39,1180,0.033,0
43,1998-99,9,Gary Payton,PG,30,50,40.2,21.7,8.7,4.9,2.2,0.2,0.434,0.479,0.721,2.3,7.2,0.172,0,35,1180,0.03,0
44,1998-99,10,Kevin Garnett,PF,22,47,37.9,20.8,4.3,10.4,1.7,1.8,0.46,0.462,0.704,3.2,5.4,0.146,0,9,1180,0.008,0
45,1998-99,11,Shawn Kemp,PF,29,42,35.1,20.5,2.4,9.2,1.1,1.1,0.482,0.483,0.789,3.8,6.3,0.205,0,7,1180,0.006,0
46,1998-99,12,David Robinson,C,33,49,31.7,15.8,2.1,10.0,1.4,2.4,0.509,0.509,0.658,2.9,8.4,0.261,0,6,1180,0.005,0
47,1998-99,13T,Hakeem Olajuwon,C,36,50,35.7,18.9,1.8,9.6,1.6,2.5,0.514,0.517,0.717,3.2,6.5,0.175,0,3,1180,0.003,0
48,1998-99,16T,Vince Carter,SF,22,50,35.2,18.3,3.0,5.7,1.1,1.5,0.45,0.463,0.761,2.8,5.0,0.136,0,1,1180,0.001,0
49,1998-99,16T,Anfernee Hardaway,SG,27,50,38.9,15.8,5.3,5.7,2.2,0.5,0.42,0.448,0.706,2.2,5.0,0.122,0,1,1180,0.001,0
50,1998-99,16T,Glenn Robinson,SF,26,47,33.6,18.4,2.1,5.9,1.0,0.9,0.459,0.479,0.87,2.4,4.0,0.122,0,1,1180,0.001,0
51,1998-99,16T,Steve Smith,SG,29,36,36.5,18.7,3.3,4.2,1.0,0.3,0.402,0.445,0.849,2.8,4.4,0.162,0,1,1180,0.001,0
52,1999-00,1,Shaquille O'Neal,C,27,79,40.0,29.7,3.8,13.6,0.5,3.0,0.574,0.574,0.524,3.2,18.6,0.283,120,1207,1210,0.998,1
53,1999-00,2,Kevin Garnett,PF,23,81,40.0,22.9,5.0,11.8,1.5,1.6,0.497,0.507,0.765,2.5,11.6,0.172,0,408,1210,0.337,0
54,1999-00,3,Alonzo Mourning,C,29,79,34.8,21.7,1.6,9.5,0.5,3.7,0.551,0.551,0.711,3.9,12.9,0.226,0,367,1210,0.303,0
55,1999-00,4,Karl Malone,PF,36,82,35.9,25.5,3.7,9.5,1.0,0.9,0.509,0.51,0.797,2.8,15.3,0.249,0,312,1210,0.258,0
56,1999-00,5,Tim Duncan,PF,23,74,38.9,23.2,3.2,12.4,0.9,2.2,0.49,0.491,0.761,2.8,13.0,0.218,0,248,1210,0.205,0
57,1999-00,6,Gary Payton,PG,31,82,41.8,24.2,8.9,6.5,1.9,0.2,0.448,0.502,0.735,2.2,13.9,0.195,0,180,1210,0.149,0
58,1999-00,7,Allen Iverson,SG,24,70,40.8,28.4,4.7,3.8,2.1,0.1,0.421,0.446,0.713,2.3,6.9,0.116,1,132,1210,0.109,0
59,1999-00,8,Grant Hill,SF,27,74,37.5,25.8,5.2,6.6,1.4,0.6,0.489,0.501,0.795,2.6,10.7,0.185,0,113,1210,0.093,0
60,1999-00,9,Chris Webber,PF,26,75,38.4,24.5,4.6,10.5,1.6,1.7,0.483,0.492,0.751,3.5,10.7,0.179,0,96,1210,0.079,0
61,1999-00,10,Vince Carter,SF,23,82,38.1,25.7,3.9,5.8,1.3,1.1,0.465,0.493,0.791,3.2,11.8,0.182,0,51,1210,0.042,0
62,1999-00,12,Kobe Bryant,SG,21,66,38.2,22.5,4.9,6.3,1.6,0.9,0.468,0.488,0.821,3.3,10.6,0.202,0,3,1210,0.002,0
63,1999-00,13T,Darrell Armstrong,PG,31,82,31.6,16.2,6.1,3.3,2.1,0.1,0.433,0.494,0.911,1.7,8.0,0.149,0,1,1210,0.001,0
64,1999-00,13T,Michael Finley,SF,26,82,42.2,22.6,5.3,6.3,1.3,0.4,0.457,0.487,0.82,2.1,8.3,0.114,0,1,1210,0.001,0
65,1999-00,13T,Reggie Miller,SG,34,81,36.9,18.1,2.3,3.0,1.0,0.3,0.448,0.527,0.919,1.6,10.1,0.162,0,1,1210,0.001,0
66,1999-00,13T,Jalen Rose,SF,27,80,37.2,18.2,4.0,4.8,1.1,0.6,0.471,0.503,0.827,2.9,7.3,0.118,0,1,1210,0.001,0
67,2000-01,1,Allen Iverson,SG,25,71,42.0,31.1,4.6,3.8,2.5,0.3,0.42,0.447,0.814,2.1,11.8,0.19,93,1121,1240,0.904,1
68,2000-01,2,Tim Duncan,PF,24,82,38.7,22.2,3.0,12.2,0.9,2.3,0.499,0.502,0.618,3.0,13.2,0.2,18,706,1240,0.569,0
69,2000-01,3,Shaquille O'Neal,C,28,74,39.5,28.7,3.7,12.7,0.6,2.8,0.572,0.572,0.513,3.5,14.9,0.245,7,578,1240,0.466,0
70,2000-01,4,Chris Webber,PF,27,70,40.5,27.1,4.2,11.1,1.3,1.7,0.481,0.481,0.703,3.2,11.0,0.186,5,521,1240,0.42,0
71,2000-01,5,Kevin Garnett,PF,24,81,39.5,22.0,5.0,11.4,1.4,1.8,0.477,0.484,0.764,2.5,11.8,0.176,1,151,1240,0.122,0
72,2000-01,6,Tracy McGrady,SG,21,77,40.1,26.8,4.6,7.5,1.5,1.5,0.457,0.474,0.733,2.1,12.2,0.189,0,64,1240,0.052,0
73,2000-01,7,Karl Malone,PF,37,81,35.7,23.2,4.5,8.3,1.1,0.8,0.498,0.499,0.793,2.7,13.1,0.217,0,21,1240,0.017,0
74,2000-01,8,Jason Kidd,PG,27,77,39.8,16.9,9.8,6.4,2.2,0.3,0.411,0.443,0.814,2.2,9.6,0.15,0,18,1240,0.015,0
75,2000-01,9,Kobe Bryant,SG,22,68,40.9,28.5,5.0,5.9,1.7,0.6,0.464,0.484,0.853,3.3,11.3,0.196,0,11,1240,0.009,0
76,2000-01,11T,Ray Allen,SG,25,82,38.2,22.0,4.6,5.2,1.5,0.2,0.48,0.557,0.888,2.3,13.7,0.211,0,7,1240,0.006,0
77,2000-01,11T,Vince Carter,SF,24,75,39.7,27.6,3.9,5.5,1.5,1.1,0.46,0.509,0.765,2.7,12.9,0.208,0,7,1240,0.006,0
78,2000-01,13,Paul Pierce,SF,23,82,38.0,25.3,3.1,6.4,1.7,0.8,0.454,0.503,0.745,3.1,10.4,0.16,0,5,1240,0.004,0
79,2000-01,14,Jerry Stackhouse,SG,26,80,40.2,29.8,5.1,3.9,1.2,0.7,0.402,0.445,0.822,2.0,9.2,0.137,0,3,1240,0.002,0
80,2000-01,15T,Michael Finley,SF,27,82,42.0,21.5,4.4,5.2,1.4,0.4,0.458,0.487,0.775,2.1,8.5,0.119,0,1,1240,0.001,0
81,2000-01,15T,Anthony Mason,PF,34,80,40.7,16.1,3.1,9.6,1.0,0.3,0.482,0.482,0.781,2.9,11.6,0.171,0,1,1240,0.001,0
82,2001-02,1,Tim Duncan,PF,25,82,40.6,25.5,3.7,12.7,0.7,2.5,0.508,0.508,0.799,2.6,17.8,0.257,57,954,1260,0.757,1
83,2001-02,3,Shaquille O'Neal,C,29,67,36.1,27.2,3.0,10.7,0.6,2.0,0.579,0.579,0.555,3.0,13.2,0.262,15,696,1260,0.552,0
84,2001-02,4,Tracy McGrady,SG,22,76,38.3,25.6,5.3,7.9,1.6,1.0,0.451,0.483,0.748,1.8,11.5,0.189,7,390,1260,0.31,0
85,2001-02,5,Kobe Bryant,SG,23,80,38.3,25.2,5.5,5.5,1.5,0.4,0.469,0.479,0.829,2.9,12.7,0.199,1,98,1260,0.078,0
86,2001-02,6,Gary Payton,PG,33,82,40.3,22.1,9.0,4.8,1.6,0.3,0.467,0.49,0.797,2.2,12.6,0.183,1,54,1260,0.043,0
87,2001-02,7,Chris Webber,PF,28,54,38.4,24.5,4.8,10.1,1.7,1.4,0.495,0.497,0.749,3.4,8.6,0.2,0,37,1260,0.0289999999999999,0
88,2001-02,8,Dirk Nowitzki,C,23,76,38.0,23.4,2.4,9.9,1.1,1.0,0.477,0.532,0.853,2.9,13.4,0.222,0,31,1260,0.025,0
89,2001-02,9,Allen Iverson,SG,26,60,43.7,31.4,5.5,4.5,2.8,0.2,0.398,0.422,0.812,1.7,6.9,0.126,0,29,1260,0.023,0
90,2001-02,11,Paul Pierce,SG,24,82,40.3,26.1,3.2,6.9,1.9,1.0,0.442,0.508,0.809,2.9,12.9,0.187,0,22,1260,0.017,0
91,2001-02,12,Kevin Garnett,PF,25,81,39.2,21.2,5.2,12.1,1.2,1.6,0.47,0.484,0.801,2.3,12.8,0.194,0,17,1260,0.013,0
92,2001-02,13,Michael Jordan,SF,38,60,34.9,22.9,5.2,5.7,1.4,0.4,0.416,0.42,0.79,2.0,3.3,0.075,0,16,1260,0.013,0
93,2001-02,14,Steve Nash,PG,27,82,34.6,17.9,7.7,3.1,0.6,0.0,0.483,0.554,0.887,2.0,9.9,0.167,0,5,1260,0.004,0
94,2001-02,15,Jerry Stackhouse,SF,27,76,35.3,21.4,5.3,4.1,1.0,0.5,0.397,0.43,0.858,2.1,5.8,0.104,0,3,1260,0.002,0
95,2001-02,16T,Elton Brand,PF,22,80,37.8,18.2,2.4,11.6,1.0,2.0,0.527,0.527,0.742,3.2,13.6,0.216,0,1,1260,0.001,0
96,2002-03,1,Tim Duncan,PF,26,81,39.3,23.3,3.9,12.9,0.7,2.9,0.513,0.515,0.71,2.9,16.5,0.248,60,962,1190,0.8079999999999999,1
97,2002-03,2,Kevin Garnett,PF,26,82,40.5,23.0,6.0,13.4,1.4,1.6,0.502,0.508,0.751,2.4,15.6,0.225,43,871,1190,0.732,0
98,2002-03,3,Kobe Bryant,SG,24,82,41.5,30.0,5.9,6.9,2.2,0.8,0.451,0.483,0.843,2.7,14.9,0.21,8,496,1190,0.417,0
99,2002-03,4,Tracy McGrady,SG,23,75,39.4,32.1,5.5,6.5,1.7,0.8,0.457,0.505,0.793,2.1,16.1,0.262,4,427,1190,0.359,0
100,2002-03,5,Shaquille O'Neal,C,30,67,37.8,27.5,3.1,11.1,0.6,2.4,0.574,0.574,0.622,3.4,13.2,0.25,3,126,1190,0.106,0
101,2002-03,6,Allen Iverson,SG,27,82,42.5,27.6,5.5,4.2,2.7,0.2,0.414,0.436,0.774,1.8,9.2,0.127,0,83,1190,0.07,0
102,2002-03,7,Dirk Nowitzki,PF,24,80,39.0,25.1,3.0,9.9,1.4,1.0,0.463,0.513,0.881,2.6,16.1,0.249,0,43,1190,0.036,0
103,2002-03,9,Jason Kidd,PG,29,80,37.4,18.7,8.9,6.3,2.2,0.3,0.414,0.465,0.841,1.6,11.3,0.182,0,31,1190,0.026,0
104,2002-03,10,Chris Webber,PF,29,67,39.1,23.0,5.4,10.5,1.6,1.3,0.461,0.463,0.607,3.0,6.9,0.127,0,19,1190,0.016,0
105,2002-03,11T,Jamal Mashburn,SF,30,82,40.5,21.6,5.6,6.1,1.0,0.2,0.422,0.46,0.848,2.4,9.0,0.13,0,1,1190,0.001,0
106,2002-03,11T,Steve Nash,PG,28,82,33.1,17.7,7.3,2.9,1.0,0.1,0.465,0.515,0.909,1.6,11.6,0.206,0,1,1190,0.001,0
107,2002-03,11T,Paul Pierce,SG,25,79,39.2,25.9,4.4,7.3,1.8,0.8,0.416,0.454,0.802,2.9,10.1,0.157,0,1,1190,0.001,0
108,2003-04,1,Kevin Garnett,PF,27,82,39.4,24.2,5.0,13.9,1.5,2.2,0.499,0.502,0.791,2.5,18.3,0.272,120,1219,1230,0.991,1
109,2003-04,2,Tim Duncan,PF,27,69,36.6,22.3,3.1,12.4,0.9,2.7,0.501,0.502,0.599,2.4,13.1,0.249,0,716,1230,0.5820000000000001,0
110,2003-04,3,Jermaine O'Neal,PF,25,78,35.7,20.1,2.1,10.0,0.8,2.6,0.434,0.435,0.757,3.2,9.0,0.155,2,523,1230,0.425,0
111,2003-04,5,Kobe Bryant,SG,25,65,37.6,24.0,5.1,5.5,1.7,0.4,0.438,0.468,0.852,2.7,10.7,0.21,0,212,1230,0.172,0
112,2003-04,6,Shaquille O'Neal,C,31,67,36.8,21.5,2.9,11.5,0.5,2.5,0.584,0.584,0.49,3.4,9.9,0.192,0,178,1230,0.145,0
113,2003-04,8,Jason Kidd,PG,30,67,36.6,15.5,9.2,6.4,1.8,0.2,0.384,0.433,0.827,1.6,7.2,0.141,0,17,1230,0.0139999999999999,0
114,2003-04,9,LeBron James,SG,19,79,39.5,20.9,5.9,5.5,1.6,0.7,0.417,0.438,0.754,1.9,5.1,0.078,0,11,1230,0.009,0
115,2003-04,10T,Sam Cassell,PG,34,81,35.0,19.8,7.3,3.3,1.3,0.2,0.488,0.517,0.873,3.0,12.1,0.205,0,4,1230,0.003,0
116,2003-04,10T,Baron Davis,PG,24,67,40.1,22.9,7.5,4.3,2.4,0.4,0.395,0.462,0.673,2.7,7.5,0.133,0,4,1230,0.003,0
117,2003-04,10T,Dirk Nowitzki,C,25,77,37.9,21.8,2.7,8.7,1.2,1.4,0.462,0.5,0.877,2.8,11.5,0.19,0,4,1230,0.003,0
118,2003-04,13,Andrei Kirilenko,PF,22,78,37.1,16.5,3.1,8.1,1.9,2.8,0.443,0.479,0.79,2.2,11.6,0.192,0,2,1230,0.002,0
119,2003-04,14T,Carmelo Anthony,SF,19,82,36.5,21.0,2.8,6.1,1.2,0.5,0.426,0.449,0.777,2.7,6.1,0.098,0,1,1230,0.001,0
120,2003-04,14T,Yao Ming,C,23,82,32.8,17.5,1.5,9.0,0.3,1.9,0.522,0.522,0.809,3.3,11.4,0.202,0,1,1230,0.001,0
121,2003-04,14T,Michael Redd,SG,24,82,36.8,21.7,2.3,5.0,1.0,0.1,0.44,0.484,0.868,1.9,9.7,0.154,0,1,1230,0.001,0
122,2004-05,1,Steve Nash,PG,30,75,34.3,15.5,11.5,3.3,1.0,0.1,0.502,0.557,0.887,1.8,10.9,0.203,65,1066,1270,0.8390000000000001,1
123,2004-05,2,Shaquille O'Neal,C,32,73,34.1,22.9,2.7,10.4,0.5,2.3,0.601,0.601,0.461,3.6,11.0,0.211,58,1032,1270,0.813,0
124,2004-05,3,Dirk Nowitzki,PF,26,78,38.7,26.1,3.1,9.7,1.2,1.5,0.459,0.49,0.869,2.8,15.6,0.248,0,349,1270,0.275,0
125,2004-05,4,Tim Duncan,PF,28,66,33.4,20.3,2.7,11.1,0.7,2.6,0.496,0.498,0.67,2.2,11.2,0.245,1,328,1270,0.258,0
126,2004-05,5,Allen Iverson,PG,29,75,42.3,30.7,7.9,4.0,2.4,0.1,0.424,0.453,0.835,1.9,9.0,0.136,2,240,1270,0.1889999999999999,0
127,2004-05,6,LeBron James,SF,20,80,42.4,27.2,7.2,7.4,2.2,0.7,0.472,0.504,0.75,1.8,14.3,0.203,0,93,1270,0.073,0
128,2004-05,7,Tracy McGrady,SF,25,78,40.8,25.7,5.7,6.2,1.7,0.7,0.431,0.473,0.774,2.1,12.0,0.18,0,44,1270,0.035,0
129,2004-05,8,Dwyane Wade,SG,23,77,38.6,24.1,6.8,5.2,1.6,1.1,0.478,0.483,0.762,3.0,11.0,0.177,0,43,1270,0.034,0
130,2004-05,9T,Amar'e Stoudemire,C,22,80,36.1,26.0,1.6,8.9,1.0,1.6,0.559,0.56,0.733,3.5,14.6,0.243,1,41,1270,0.032,0
131,2004-05,9T,Ray Allen,SG,29,78,39.3,23.9,3.7,4.4,1.1,0.1,0.428,0.498,0.883,2.1,10.7,0.168,0,41,1270,0.032,0
132,2004-05,11,Kevin Garnett,PF,28,82,38.1,22.2,5.7,13.5,1.5,1.4,0.502,0.504,0.811,2.5,16.1,0.248,0,15,1270,0.012,0
133,2004-05,12,Gilbert Arenas,PG,23,80,40.9,25.5,5.1,4.7,1.7,0.3,0.431,0.498,0.814,3.1,11.5,0.169,0,4,1270,0.003,0
134,2004-05,13,Vince Carter,SF-SG,28,77,36.7,24.5,4.2,5.2,1.4,0.6,0.452,0.493,0.798,3.2,9.4,0.159,0,3,1270,0.002,0
135,2004-05,14T,Shawn Marion,PF,26,81,38.8,19.4,1.9,11.3,2.0,1.5,0.476,0.52,0.833,2.5,12.5,0.191,0,1,1270,0.001,0
136,2005-06,1,Steve Nash,PG,31,79,35.4,18.8,10.5,4.2,0.8,0.2,0.512,0.583,0.921,1.5,12.4,0.212,57,924,1250,0.7390000000000001,1
137,2005-06,2,LeBron James,SF,21,79,42.5,31.4,6.6,7.0,1.6,0.8,0.48,0.515,0.738,2.3,16.3,0.232,16,688,1250,0.55,0
138,2005-06,3,Dirk Nowitzki,PF,27,81,38.1,26.6,2.8,9.0,0.7,1.0,0.48,0.515,0.901,2.0,17.7,0.275,14,544,1250,0.435,0
139,2005-06,4,Kobe Bryant,SG,27,80,41.0,35.4,4.5,5.3,1.8,0.4,0.45,0.491,0.85,2.9,15.3,0.224,22,483,1250,0.386,0
140,2005-06,5,Chauncey Billups,PG,29,81,36.1,18.5,8.6,3.1,0.9,0.1,0.418,0.509,0.894,2.0,15.5,0.254,15,430,1250,0.344,0
141,2005-06,6,Dwyane Wade,SG,24,75,38.6,27.2,6.7,5.7,1.9,0.8,0.495,0.499,0.783,2.9,14.4,0.239,0,87,1250,0.07,0
142,2005-06,7,Elton Brand,PF,26,79,39.2,24.7,2.6,10.0,1.0,2.5,0.527,0.527,0.775,2.9,14.8,0.229,1,50,1250,0.04,0
143,2005-06,8,Tim Duncan,PF,29,80,34.8,18.6,3.2,11.0,0.9,2.0,0.484,0.485,0.629,2.7,10.8,0.187,0,33,1250,0.026,0
144,2005-06,9,Tony Parker,PG,23,80,33.9,18.9,5.8,3.3,1.0,0.1,0.548,0.553,0.707,2.0,9.6,0.169,0,9,1250,0.007,0
145,2005-06,10T,Allen Iverson,PG,30,72,43.1,33.0,7.4,3.2,1.9,0.1,0.447,0.467,0.814,1.7,10.6,0.165,0,1,1250,0.001,0
146,2005-06,10T,Shawn Marion,PF,27,81,40.3,21.8,1.8,11.8,2.0,1.7,0.525,0.56,0.809,2.8,14.6,0.214,0,1,1250,0.001,0
147,2006-07,1,Dirk Nowitzki,PF,28,78,36.2,24.6,3.4,8.9,0.7,0.8,0.502,0.529,0.904,2.2,16.3,0.278,83,1138,1290,0.882,1
148,2006-07,2,Steve Nash,PG,32,76,35.3,18.6,11.6,3.5,0.8,0.1,0.532,0.613,0.899,1.5,12.6,0.225,44,1013,1290,0.785,0
149,2006-07,3,Kobe Bryant,SG,28,77,40.8,31.6,5.4,5.7,1.4,0.5,0.463,0.502,0.868,2.7,13.0,0.199,2,521,1290,0.4039999999999999,0
150,2006-07,4,Tim Duncan,C,30,80,34.1,20.0,3.4,10.6,0.8,2.4,0.546,0.547,0.637,2.5,13.0,0.23,0,286,1290,0.222,0
151,2006-07,5,LeBron James,SF,22,78,40.9,27.3,6.0,6.7,1.6,0.7,0.476,0.507,0.698,2.2,13.7,0.206,0,183,1290,0.142,0
152,2006-07,6,Tracy McGrady,SG,27,71,35.8,24.6,6.5,5.3,1.3,0.5,0.431,0.474,0.707,1.9,8.6,0.163,0,110,1290,0.085,0
153,2006-07,7,Chris Bosh,C,22,69,38.5,22.6,2.5,10.7,0.6,1.3,0.496,0.502,0.785,2.4,9.6,0.174,0,43,1290,0.033,0
154,2006-07,8,Gilbert Arenas,PG,25,74,39.8,28.4,6.0,4.6,1.9,0.2,0.418,0.484,0.844,3.4,10.8,0.177,0,31,1290,0.024,0
155,2006-07,9T,Carlos Boozer,PF,25,74,34.6,20.9,3.0,11.7,0.9,0.3,0.561,0.561,0.685,2.9,9.9,0.185,0,7,1290,0.005,0
156,2006-07,9T,Kevin Garnett,PF,30,76,39.4,22.4,4.1,12.8,1.2,1.7,0.476,0.48,0.835,2.4,10.7,0.171,0,7,1290,0.005,0
157,2006-07,11,Chauncey Billups,PG,30,70,36.2,17.0,7.2,3.4,1.2,0.2,0.427,0.494,0.883,2.3,11.4,0.216,0,4,1290,0.003,0
158,2006-07,12T,Shaquille O'Neal,C,34,40,28.4,17.3,2.0,7.4,0.2,1.4,0.591,0.591,0.422,3.5,2.8,0.119,0,3,1290,0.002,0
159,2006-07,12T,Dwyane Wade,SG,25,51,37.9,27.4,7.5,4.7,2.1,1.2,0.491,0.502,0.807,2.3,8.8,0.219,0,3,1290,0.002,0
160,2006-07,14,Amar'e Stoudemire,C,24,82,32.8,20.4,1.0,9.6,1.0,1.3,0.575,0.575,0.781,3.6,11.2,0.201,0,2,1290,0.002,0
161,2006-07,15T,Carmelo Anthony,SF,22,65,38.2,28.9,3.8,6.0,1.2,0.4,0.476,0.489,0.808,3.1,7.3,0.14,0,1,1290,0.001,0
162,2006-07,15T,Baron Davis,PG,27,63,35.3,20.1,8.1,4.4,2.1,0.5,0.439,0.48,0.745,2.9,6.4,0.139,0,1,1290,0.001,0
163,2006-07,15T,Tony Parker,PG,24,77,32.5,18.6,5.5,3.2,1.1,0.1,0.52,0.527,0.783,1.8,9.6,0.185,0,1,1290,0.001,0
164,2007-08,1,Kobe Bryant,SG,29,82,38.9,28.3,5.4,6.3,1.8,0.5,0.459,0.503,0.84,2.8,13.8,0.208,82,1100,1260,0.873,1
165,2007-08,2,Chris Paul,PG,22,80,37.6,21.1,11.6,4.0,2.7,0.1,0.488,0.524,0.851,2.3,17.8,0.284,28,894,1260,0.71,0
166,2007-08,3,Kevin Garnett,PF,31,71,32.8,18.8,3.4,9.2,1.4,1.3,0.539,0.539,0.801,2.3,12.9,0.265,15,670,1260,0.532,0
167,2007-08,4,LeBron James,SF,23,75,40.4,30.0,7.2,7.9,1.8,1.1,0.484,0.518,0.712,2.2,15.2,0.242,1,438,1260,0.348,0
168,2007-08,5,Dwight Howard,C,22,82,37.7,20.7,1.3,14.2,0.9,2.1,0.599,0.599,0.59,3.3,12.9,0.2,0,60,1260,0.048,0
169,2007-08,6,Amar'e Stoudemire,C,25,79,33.9,25.2,1.5,9.1,0.8,2.1,0.59,0.592,0.805,3.7,14.6,0.262,0,27,1260,0.021,0
170,2007-08,7,Tim Duncan,C,31,78,34.0,19.3,2.8,11.3,0.7,1.9,0.497,0.497,0.73,2.4,11.1,0.201,0,25,1260,0.02,0
171,2007-08,8,Tracy McGrady,SG,28,66,37.0,21.6,5.9,5.1,1.0,0.5,0.419,0.452,0.684,1.4,5.8,0.115,0,19,1260,0.015,0
172,2007-08,11,Dirk Nowitzki,PF,29,77,36.0,23.6,3.5,8.6,0.7,0.9,0.479,0.51,0.879,2.6,12.9,0.223,0,5,1260,0.004,0
173,2007-08,12,Deron Williams,PG,23,82,37.3,18.8,10.5,3.0,1.1,0.3,0.507,0.544,0.803,2.4,11.3,0.177,0,4,1260,0.003,0
174,2007-08,13,Carmelo Anthony,SF,23,77,36.4,25.7,3.4,7.4,1.3,0.5,0.492,0.511,0.786,3.3,8.2,0.14,0,3,1260,0.002,0
175,2007-08,14T,Carlos Boozer,PF,26,81,34.9,21.1,2.9,10.4,1.2,0.5,0.547,0.547,0.738,3.6,10.2,0.173,0,1,1260,0.001,0
176,2007-08,14T,Antawn Jamison,PF,31,79,38.7,21.4,1.5,10.2,1.3,0.4,0.436,0.478,0.76,2.5,9.2,0.144,0,1,1260,0.001,0
177,2007-08,14T,Paul Pierce,SF,30,80,35.9,19.6,4.5,5.1,1.3,0.5,0.464,0.529,0.843,2.5,12.4,0.207,0,1,1260,0.001,0
178,2008-09,1,LeBron James,SF,24,81,37.7,28.4,7.2,7.6,1.7,1.1,0.489,0.53,0.78,1.7,20.3,0.318,109,1172,1210,0.969,1
179,2008-09,2,Kobe Bryant,SG,30,82,36.1,26.8,4.9,5.2,1.5,0.5,0.467,0.502,0.856,2.3,12.7,0.206,2,698,1210,0.5770000000000001,0
180,2008-09,3,Dwyane Wade,SG,27,79,38.6,30.2,7.5,5.0,2.2,1.3,0.491,0.516,0.765,2.3,14.7,0.232,7,680,1210,0.562,0
181,2008-09,4,Dwight Howard,C,23,79,35.7,20.6,1.4,13.8,1.0,2.9,0.572,0.572,0.594,3.4,13.8,0.234,1,328,1210,0.271,0
182,2008-09,5,Chris Paul,PG,23,78,38.5,22.8,11.0,5.5,2.8,0.1,0.503,0.528,0.868,2.7,18.3,0.292,2,192,1210,0.159,0
183,2008-09,6,Chauncey Billups,PG,32,79,35.3,17.7,6.4,3.0,1.2,0.2,0.418,0.501,0.913,2.0,10.1,0.174,0,33,1210,0.027,0
184,2008-09,7,Paul Pierce,SF,31,81,37.5,20.5,3.6,5.6,1.0,0.3,0.457,0.508,0.83,2.7,10.3,0.164,0,21,1210,0.017,0
185,2008-09,8,Tony Parker,PG,26,72,34.1,22.0,6.9,3.1,0.9,0.1,0.506,0.513,0.782,1.5,8.6,0.168,0,9,1210,0.007,0
186,2008-09,9,Brandon Roy,SG,24,78,37.2,22.6,5.1,4.7,1.1,0.3,0.48,0.512,0.824,1.6,13.5,0.223,0,7,1210,0.006,0
187,2008-09,10,Dirk Nowitzki,PF,30,81,37.7,25.9,2.4,8.4,0.8,0.8,0.479,0.498,0.89,2.2,10.9,0.171,0,3,1210,0.002,0
188,2008-09,11,Tim Duncan,C,32,75,33.7,19.3,3.5,10.7,0.5,1.7,0.504,0.504,0.692,2.3,10.1,0.191,0,2,1210,0.002,0
189,2008-09,12,Yao Ming,C,28,77,33.6,19.7,1.8,9.9,0.4,1.9,0.548,0.549,0.866,3.3,10.6,0.196,0,1,1210,0.001,0
190,2009-10,1,LeBron James,SF,25,76,39.0,29.7,8.6,7.3,1.6,1.0,0.503,0.545,0.767,1.6,18.5,0.299,116,1205,1230,0.98,1
191,2009-10,2,Kevin Durant,SF,21,82,39.5,30.1,2.8,7.6,1.4,1.0,0.476,0.514,0.9,2.1,16.1,0.238,4,609,1230,0.495,0
192,2009-10,3,Kobe Bryant,SG,31,73,38.8,27.0,5.0,5.4,1.5,0.3,0.456,0.488,0.811,2.6,9.4,0.16,0,599,1230,0.487,0
193,2009-10,4,Dwight Howard,C,24,82,34.7,18.3,1.8,13.2,0.9,2.8,0.612,0.612,0.592,3.5,13.2,0.223,3,478,1230,0.389,0
194,2009-10,5,Dwyane Wade,SG,28,77,36.3,26.6,6.5,4.8,1.8,1.1,0.476,0.5,0.761,2.4,13.0,0.224,0,119,1230,0.097,0
195,2009-10,6,Carmelo Anthony,SF,25,69,38.2,28.2,3.2,6.6,1.3,0.4,0.458,0.478,0.83,3.3,7.9,0.145,0,65,1230,0.053,0
196,2009-10,7,Dirk Nowitzki,PF,31,81,37.5,25.0,2.7,7.7,0.9,1.0,0.481,0.498,0.915,2.6,12.3,0.194,0,55,1230,0.045,0
197,2009-10,8,Steve Nash,PG,35,81,32.8,16.5,11.0,3.3,0.5,0.1,0.507,0.57,0.938,1.3,9.9,0.178,0,49,1230,0.04,0
198,2009-10,9,Deron Williams,PG,25,76,36.9,18.7,10.5,4.0,1.3,0.2,0.469,0.515,0.801,2.7,10.3,0.177,0,7,1230,0.006,0
199,2009-10,10,Amar'e Stoudemire,PF,27,82,34.6,23.1,1.0,8.9,0.6,1.0,0.557,0.557,0.771,3.4,10.7,0.181,0,5,1230,0.004,0
200,2009-10,12T,Chauncey Billups,PG,33,73,34.1,19.5,5.6,3.1,1.1,0.1,0.418,0.499,0.91,2.1,9.5,0.182,0,1,1230,0.001,0
201,2009-10,12T,Stephen Jackson,SG-PF,31,81,38.6,20.6,3.7,5.0,1.6,0.5,0.423,0.469,0.779,2.4,5.0,0.077,0,1,1230,0.001,0
202,2009-10,12T,Joe Johnson,SG,28,76,38.0,21.3,4.9,4.6,1.1,0.1,0.458,0.505,0.818,1.9,8.4,0.14,0,1,1230,0.001,0
203,2010-11,1,Derrick Rose,PG,22,81,37.4,25.0,7.7,4.1,1.0,0.6,0.445,0.485,0.858,1.7,13.1,0.208,113,1182,1210,0.977,1
204,2010-11,2,Dwight Howard,C,25,78,37.6,22.9,1.4,14.1,1.4,2.4,0.593,0.593,0.596,3.3,14.4,0.235,3,643,1210,0.531,0
205,2010-11,3,LeBron James,SF,26,79,38.8,26.7,7.0,7.5,1.6,0.6,0.51,0.541,0.759,2.1,15.6,0.244,4,522,1210,0.431,0
206,2010-11,4,Kobe Bryant,SG,32,82,33.9,25.3,4.7,5.1,1.2,0.1,0.451,0.487,0.828,2.1,10.3,0.178,1,428,1210,0.354,0
207,2010-11,5,Kevin Durant,SF,22,78,38.9,27.7,2.7,6.8,1.1,1.0,0.462,0.509,0.88,2.0,12.0,0.189,0,190,1210,0.157,0
208,2010-11,6,Dirk Nowitzki,PF,32,73,34.3,23.0,2.6,7.0,0.5,0.6,0.517,0.545,0.892,2.4,11.1,0.213,0,113,1210,0.093,0
209,2010-11,7,Dwyane Wade,SG,29,76,37.1,25.5,4.6,6.4,1.5,1.1,0.5,0.523,0.758,2.6,12.8,0.218,0,24,1210,0.02,0
210,2010-11,9,Amar'e Stoudemire,C,28,78,36.8,25.3,2.6,8.2,0.9,1.9,0.502,0.505,0.792,3.5,8.0,0.134,0,9,1210,0.007,0
211,2010-11,10T,Blake Griffin,PF,21,82,38.0,22.5,3.8,12.1,0.8,0.5,0.506,0.508,0.642,3.1,9.8,0.152,0,5,1210,0.004,0
212,2010-11,12,Tony Parker,PG,28,78,32.4,17.5,6.6,3.1,1.2,0.0,0.519,0.531,0.769,1.7,8.2,0.156,0,3,1210,0.002,0
213,2010-11,13,Chris Paul,PG,25,80,36.0,15.9,9.8,4.1,2.4,0.1,0.463,0.502,0.878,2.5,13.9,0.232,0,2,1210,0.002,0
214,2011-12,1,LeBron James,SF,27,62,37.5,27.1,6.2,7.9,1.9,0.8,0.531,0.554,0.771,1.5,14.5,0.298,85,1074,1210,0.888,1
215,2011-12,2,Kevin Durant,SF,23,66,38.6,28.0,3.5,8.0,1.3,1.2,0.496,0.547,0.86,2.0,12.2,0.23,24,889,1210,0.735,0
216,2011-12,3,Chris Paul,PG,26,60,36.4,19.8,9.1,3.6,2.5,0.1,0.478,0.522,0.861,2.3,12.7,0.278,6,385,1210,0.318,0
217,2011-12,4,Kobe Bryant,SG,33,58,38.5,27.9,4.6,5.4,1.2,0.3,0.43,0.462,0.845,1.8,6.2,0.132,2,352,1210,0.291,0
218,2011-12,5,Tony Parker,PG,29,60,32.1,18.3,7.7,2.9,1.0,0.1,0.48,0.488,0.799,1.3,7.1,0.177,4,331,1210,0.2739999999999999,0
219,2011-12,6,Kevin Love,PF,23,55,39.0,26.0,2.0,13.3,0.9,0.5,0.448,0.497,0.824,2.8,10.0,0.223,0,58,1210,0.048,0
220,2011-12,7,Dwight Howard,C,26,54,38.3,20.6,1.9,14.5,1.5,2.1,0.573,0.573,0.491,2.9,7.7,0.179,0,13,1210,0.011,0
221,2011-12,10,Dwyane Wade,SG,30,49,33.2,22.1,4.6,4.8,1.7,1.3,0.497,0.506,0.791,2.2,7.7,0.227,0,6,1210,0.005,0
222,2011-12,11,Derrick Rose,PG,23,39,35.3,21.8,7.9,3.4,0.9,0.7,0.435,0.473,0.812,1.3,6.0,0.211,0,5,1210,0.004,0
223,2011-12,12T,Dirk Nowitzki,PF,33,62,33.5,21.6,2.2,6.7,0.7,0.5,0.457,0.495,0.896,2.1,7.6,0.175,0,4,1210,0.003,0
224,2011-12,12T,Russell Westbrook,PG,23,66,35.3,23.6,5.5,4.6,1.7,0.3,0.457,0.481,0.823,2.2,7.9,0.163,0,4,1210,0.003,0
225,2011-12,14,Tim Duncan,C,35,58,28.2,15.4,2.3,9.0,0.7,1.5,0.492,0.492,0.695,1.7,5.9,0.174,0,3,1210,0.002,0
226,2011-12,15,Joe Johnson,SG,30,60,35.5,18.8,3.9,3.7,0.8,0.2,0.454,0.521,0.849,1.3,6.4,0.145,0,1,1210,0.001,0
227,2012-13,1,LeBron James,PF,28,76,37.9,26.8,7.3,8.0,1.7,0.9,0.565,0.603,0.753,1.4,19.3,0.322,120,1207,1210,0.998,1
228,2012-13,2,Kevin Durant,SF,24,81,38.5,28.1,4.6,7.9,1.4,1.3,0.51,0.559,0.905,1.8,18.9,0.291,0,765,1210,0.632,0
229,2012-13,3,Carmelo Anthony,PF,28,67,37.0,28.7,2.6,6.9,0.8,0.5,0.449,0.502,0.83,3.1,9.5,0.184,1,475,1210,0.3929999999999999,0
230,2012-13,4,Chris Paul,PG,27,70,33.4,16.9,9.7,3.7,2.4,0.1,0.481,0.526,0.885,2.0,13.9,0.287,0,289,1210,0.239,0
231,2012-13,5,Kobe Bryant,SG,34,78,38.6,27.3,6.0,5.6,1.4,0.3,0.463,0.504,0.839,2.2,10.9,0.174,0,184,1210,0.152,0
232,2012-13,6,Tony Parker,PG,30,66,32.9,20.3,7.6,3.0,0.8,0.1,0.522,0.534,0.845,1.4,9.3,0.206,0,86,1210,0.071,0
233,2012-13,7,Tim Duncan,C,36,69,30.1,17.8,2.7,9.9,0.7,2.7,0.502,0.503,0.817,1.7,8.3,0.191,0,65,1210,0.054,0
234,2012-13,8,James Harden,SG,23,78,38.3,25.9,5.8,4.9,1.8,0.5,0.438,0.504,0.851,2.3,12.8,0.206,0,33,1210,0.027,0
235,2012-13,9,Russell Westbrook,PG,24,82,34.9,23.2,7.4,5.2,1.8,0.3,0.438,0.47,0.8,2.3,11.6,0.195,0,9,1210,0.007,0
236,2012-13,10,Dwyane Wade,SG,31,69,34.7,21.2,5.1,5.0,1.9,0.8,0.521,0.528,0.725,2.0,9.6,0.192,0,5,1210,0.004,0
237,2012-13,11,Stephen Curry,PG,24,78,38.2,22.9,6.9,4.0,1.6,0.2,0.451,0.549,0.9,2.5,11.2,0.18,0,3,1210,0.002,0
238,2012-13,12T,Ty Lawson,PG,25,73,34.4,16.7,6.9,2.7,1.5,0.1,0.461,0.505,0.756,1.8,7.4,0.141,0,1,1210,0.001,0
239,2012-13,12T,David Lee,PF,29,79,36.8,18.5,3.5,11.2,0.8,0.3,0.519,0.519,0.797,3.1,9.1,0.15,0,1,1210,0.001,0
240,2013-14,1,Kevin Durant,SF,25,81,38.5,32.0,5.5,7.4,1.3,0.7,0.503,0.56,0.873,2.1,19.2,0.295,119,1232,1250,0.986,1
241,2013-14,2,LeBron James,PF,29,77,37.7,27.1,6.3,6.9,1.6,0.3,0.567,0.61,0.75,1.6,15.9,0.264,6,891,1250,0.713,0
242,2013-14,3,Blake Griffin,PF,24,80,35.8,24.1,3.9,9.5,1.2,0.6,0.528,0.533,0.715,3.3,12.2,0.205,0,434,1250,0.347,0
243,2013-14,5,James Harden,SG,24,73,38.0,25.4,6.1,4.7,1.6,0.4,0.456,0.529,0.866,2.4,12.8,0.221,0,85,1250,0.068,0
244,2013-14,6,Stephen Curry,PG,25,78,36.5,24.0,8.5,4.3,1.6,0.2,0.471,0.566,0.885,2.5,13.4,0.225,0,66,1250,0.053,0
245,2013-14,7,Chris Paul,PG,28,62,35.0,19.1,10.7,4.3,2.5,0.1,0.467,0.511,0.855,2.5,12.2,0.27,0,45,1250,0.036,0
246,2013-14,8,Al Jefferson,C,29,73,35.0,21.8,2.1,10.8,0.9,1.1,0.509,0.51,0.69,2.4,7.8,0.146,0,34,1250,0.027,0
247,2013-14,9,Paul George,SF,23,80,36.2,21.7,3.5,6.8,1.9,0.3,0.424,0.49,0.864,2.5,10.8,0.178,0,33,1250,0.026,0
248,2013-14,10,LaMarcus Aldridge,PF,28,69,36.2,23.2,2.6,11.1,0.9,1.0,0.458,0.459,0.822,2.1,7.5,0.144,0,26,1250,0.021,0
249,2013-14,11,Kevin Love,PF,25,77,36.3,26.1,4.4,12.5,0.8,0.5,0.457,0.524,0.821,1.8,14.3,0.245,0,25,1250,0.02,0
250,2013-14,12T,Tim Duncan,C,37,74,29.2,15.1,3.0,9.7,0.6,1.9,0.49,0.49,0.731,1.8,7.4,0.164,0,21,1250,0.017,0
251,2013-14,12T,Tony Parker,PG,31,68,29.4,16.7,5.7,2.3,0.5,0.1,0.499,0.513,0.811,1.3,5.9,0.141,0,21,1250,0.017,0
252,2013-14,14,Dirk Nowitzki,PF,35,80,32.9,21.7,2.7,6.2,0.9,0.6,0.497,0.549,0.899,2.1,10.9,0.199,0,7,1250,0.006,0
253,2013-14,15,Carmelo Anthony,PF,29,77,38.7,27.4,3.1,8.1,1.2,0.7,0.452,0.503,0.848,2.9,10.7,0.172,0,4,1250,0.003,0
254,2013-14,17,Mike Conley,PG,26,73,33.5,17.2,6.0,2.9,1.5,0.2,0.45,0.5,0.815,1.9,8.2,0.161,0,1,1250,0.001,0
255,2014-15,1,Stephen Curry,PG,26,80,32.7,23.8,7.7,4.3,2.0,0.2,0.487,0.594,0.914,2.0,15.7,0.288,100,1198,1300,0.922,1
256,2014-15,2,James Harden,SG,25,81,36.8,27.4,7.0,5.7,1.9,0.7,0.44,0.511,0.868,2.6,16.4,0.265,25,936,1300,0.72,0
257,2014-15,3,LeBron James,SF,30,69,36.1,25.3,7.4,6.0,1.6,0.7,0.488,0.535,0.71,2.0,10.4,0.199,5,552,1300,0.425,0
258,2014-15,4,Russell Westbrook,PG,26,67,34.4,28.1,8.6,7.3,2.1,0.2,0.426,0.455,0.835,2.7,10.6,0.222,0,352,1300,0.271,0
259,2014-15,5,Anthony Davis,PF,21,68,36.1,24.4,2.2,10.2,1.5,2.9,0.535,0.536,0.805,2.1,14.0,0.274,0,203,1300,0.156,0
260,2014-15,6,Chris Paul,PG,29,82,34.8,19.1,10.2,4.6,1.9,0.2,0.485,0.545,0.9,2.5,16.1,0.27,0,124,1300,0.095,0
261,2014-15,7,LaMarcus Aldridge,PF,29,71,35.4,23.4,1.7,10.2,0.7,1.0,0.466,0.479,0.845,1.8,8.6,0.165,0,6,1300,0.005,0
262,2014-15,8T,Marc Gasol,C,30,81,33.2,17.4,3.8,7.8,0.9,1.6,0.494,0.496,0.795,2.6,10.2,0.182,0,3,1300,0.002,0
263,2014-15,8T,Blake Griffin,PF,25,67,35.2,21.9,5.3,7.6,0.9,0.5,0.502,0.506,0.728,2.9,9.0,0.183,0,3,1300,0.002,0
264,2014-15,10T,Kawhi Leonard,SF,23,64,31.8,16.5,2.5,7.2,2.3,0.8,0.479,0.52,0.802,2.0,8.6,0.204,0,1,1300,0.001,0
265,2014-15,10T,Klay Thompson,SG,24,77,31.9,21.7,2.9,3.2,1.1,0.8,0.463,0.555,0.879,1.6,8.8,0.172,0,1,1300,0.001,0
266,2015-16,1,Stephen Curry,PG,27,79,34.2,30.1,6.7,5.4,2.1,0.2,0.504,0.63,0.908,2.0,17.9,0.318,131,1310,1310,1.0,1
267,2015-16,2,Kawhi Leonard,SF,24,72,33.1,21.2,2.6,6.8,1.8,1.0,0.506,0.565,0.874,1.8,13.7,0.277,0,634,1310,0.484,0
268,2015-16,3,LeBron James,SF,31,76,35.6,25.3,6.8,7.4,1.4,0.6,0.52,0.551,0.731,1.9,13.6,0.242,0,631,1310,0.482,0
269,2015-16,4,Russell Westbrook,PG,27,80,34.4,23.5,10.4,7.8,2.0,0.3,0.454,0.489,0.812,2.5,14.0,0.245,0,486,1310,0.371,0
270,2015-16,5,Kevin Durant,SF,27,72,35.8,28.2,5.0,8.2,1.0,1.2,0.505,0.573,0.898,1.9,14.5,0.27,0,147,1310,0.1119999999999999,0
271,2015-16,6,Chris Paul,PG,30,74,32.7,19.5,10.0,4.2,2.1,0.2,0.462,0.517,0.896,2.5,12.7,0.253,0,107,1310,0.082,0
272,2015-16,8,Damian Lillard,PG,25,75,35.7,25.1,6.8,4.0,0.9,0.4,0.419,0.497,0.892,2.2,9.2,0.165,0,26,1310,0.02,0
273,2015-16,9,James Harden,SG,26,82,38.1,29.0,7.5,6.1,1.7,0.6,0.439,0.512,0.86,2.8,13.3,0.204,0,9,1310,0.007,0
274,2015-16,10,Kyle Lowry,PG,29,77,37.0,21.2,6.4,4.7,2.1,0.4,0.427,0.516,0.811,2.7,11.6,0.196,0,6,1310,0.005,0
275,2016-17,1,Russell Westbrook,PG,28,81,34.6,31.6,10.4,10.7,1.6,0.4,0.425,0.476,0.845,2.3,13.1,0.224,69,888,1010,0.879,1
276,2016-17,2,James Harden,PG,27,81,36.4,29.1,11.2,8.1,1.5,0.5,0.44,0.525,0.847,2.7,15.0,0.245,22,753,1010,0.746,0
277,2016-17,3,Kawhi Leonard,SF,25,74,33.4,25.5,3.5,5.8,1.8,0.7,0.485,0.541,0.88,1.6,13.6,0.264,9,500,1010,0.495,0
278,2016-17,4,LeBron James,SF,32,74,37.8,26.4,8.7,8.6,1.2,0.6,0.548,0.594,0.674,1.8,12.9,0.221,1,333,1010,0.33,0
279,2016-17,5,Isaiah Thomas,PG,27,76,33.8,28.9,5.9,2.7,0.9,0.2,0.463,0.546,0.909,2.2,12.5,0.234,0,81,1010,0.08,0
280,2016-17,6,Stephen Curry,PG,28,79,33.4,25.3,6.6,4.5,1.8,0.2,0.468,0.58,0.898,2.3,12.6,0.229,0,52,1010,0.051,0
281,2016-17,7T,Giannis Antetokounmpo,SF,22,80,35.6,22.9,5.4,8.8,1.6,1.9,0.521,0.541,0.77,3.1,12.4,0.21,0,7,1010,0.007,0
282,2016-17,7T,John Wall,PG,26,78,36.4,23.1,10.7,4.2,2.0,0.6,0.451,0.482,0.801,1.9,8.8,0.149,0,7,1010,0.007,0
283,2016-17,9T,Anthony Davis,C,23,75,36.1,28.0,2.1,11.8,1.3,2.2,0.505,0.518,0.802,2.2,11.0,0.195,0,2,1010,0.002,0
284,2016-17,9T,Kevin Durant,PF,28,62,33.4,25.1,4.8,8.3,1.1,1.6,0.537,0.594,0.875,1.9,12.0,0.278,0,2,1010,0.002,0
285,2016-17,11,DeMar DeRozan,SG,27,74,35.4,27.3,3.9,5.2,1.1,0.2,0.467,0.477,0.842,1.8,9.0,0.166,0,1,1010,0.001,0
286,2017-18,1,James Harden,SG,28,72,35.4,30.4,8.8,5.4,1.8,0.7,0.449,0.541,0.858,2.3,15.4,0.289,86,965,1010,0.955,1
287,2017-18,2,LeBron James,PF,33,82,36.9,27.5,9.1,8.6,1.4,0.9,0.542,0.59,0.731,1.7,14.0,0.221,15,738,1010,0.731,0
288,2017-18,3,Anthony Davis,PF,24,75,36.4,28.1,2.3,11.1,1.5,2.6,0.534,0.552,0.828,2.1,13.7,0.241,0,445,1010,0.441,0
289,2017-18,4,Damian Lillard,PG,27,73,36.6,26.9,6.6,4.5,1.1,0.4,0.439,0.519,0.916,1.6,12.6,0.227,0,207,1010,0.205,0
290,2017-18,5,Russell Westbrook,PG,29,80,36.4,25.4,10.3,10.1,1.8,0.3,0.449,0.477,0.737,2.5,10.1,0.166,0,76,1010,0.075,0
291,2017-18,6,Giannis Antetokounmpo,PF,23,75,36.7,26.9,4.8,10.0,1.5,1.4,0.529,0.545,0.76,3.1,11.9,0.207,0,75,1010,0.074,0
292,2017-18,7,Kevin Durant,SF,29,68,34.2,26.4,5.4,6.8,0.7,1.8,0.516,0.586,0.889,2.0,10.4,0.215,0,66,1010,0.065,0
293,2017-18,8,DeMar DeRozan,SG,28,80,33.9,23.0,5.2,3.9,1.1,0.3,0.456,0.488,0.825,1.9,9.6,0.17,0,32,1010,0.032,0
294,2017-18,9,LaMarcus Aldridge,C,32,75,33.5,23.1,2.0,8.5,0.6,1.2,0.51,0.52,0.837,2.1,10.9,0.209,0,6,1010,0.006,0
295,2017-18,10T,Jimmy Butler,SG,28,59,36.7,22.2,4.9,5.3,2.0,0.4,0.474,0.512,0.854,1.3,8.9,0.198,0,5,1010,0.005,0
296,2017-18,10T,Stephen Curry,PG,29,51,32.0,26.4,6.1,5.1,1.6,0.2,0.495,0.618,0.921,2.2,9.1,0.267,0,5,1010,0.005,0
297,2017-18,12,Joel Embiid,C,23,63,30.3,22.9,3.2,11.0,0.6,1.8,0.483,0.514,0.769,3.3,6.2,0.155,0,4,1010,0.004,0
298,2017-18,13,Victor Oladipo,SG,25,75,34.0,23.1,4.3,5.2,2.4,0.8,0.477,0.537,0.799,2.3,8.2,0.155,0,2,1010,0.002,0
299,2018-19,1,Giannis Antetokounmpo,PF,24,72,32.8,27.7,5.9,12.5,1.3,1.5,0.578,0.599,0.729,3.2,14.4,0.292,78,941,1010,0.932,1
300,2018-19,2,James Harden,PG,29,78,36.8,36.1,7.5,6.6,2.0,0.7,0.442,0.541,0.879,3.1,15.2,0.254,23,776,1010,0.768,0
301,2018-19,3,Paul George,SF,28,77,36.9,28.0,4.1,8.2,2.2,0.4,0.438,0.529,0.839,2.8,11.9,0.201,0,356,1010,0.352,0
302,2018-19,5,Stephen Curry,PG,30,69,33.8,27.3,5.2,5.3,1.3,0.4,0.472,0.604,0.916,2.4,9.7,0.199,0,175,1010,0.173,0
303,2018-19,6,Damian Lillard,PG,28,80,35.5,25.8,6.9,4.6,1.1,0.4,0.444,0.522,0.912,1.9,12.1,0.205,0,69,1010,0.068,0
304,2018-19,7,Joel Embiid,C,24,64,33.7,27.5,3.7,13.6,0.7,1.9,0.484,0.517,0.804,3.3,8.7,0.194,0,49,1010,0.049,0
305,2018-19,8,Kevin Durant,SF,30,78,34.6,26.0,5.9,6.4,0.7,1.1,0.521,0.571,0.885,2.0,11.5,0.204,0,25,1010,0.025,0
306,2018-19,9,Kawhi Leonard,SF,27,60,34.0,26.6,3.3,7.3,1.8,0.4,0.496,0.546,0.854,1.5,9.5,0.224,0,13,1010,0.013,0
307,2018-19,10,Russell Westbrook,PG,30,73,36.0,22.9,10.7,11.1,1.9,0.5,0.428,0.468,0.656,3.4,6.8,0.124,0,8,1010,0.008,0
308,2018-19,11T,Rudy Gobert,C,26,81,31.8,15.9,2.0,12.9,0.8,2.3,0.669,0.669,0.636,2.9,14.4,0.268,0,1,1010,0.001,0
309,2018-19,11T,LeBron James,SF,34,55,35.2,27.4,8.3,8.5,1.3,0.6,0.51,0.56,0.665,1.7,7.2,0.179,0,1,1010,0.001,0
310,2019-20,1,Giannis Antetokounmpo,PF,25,63,30.4,29.5,5.6,13.6,1.0,1.0,0.553,0.589,0.633,3.1,11.1,0.279,85,962,1010,0.952,1
311,2019-20,2,LeBron James,PG,35,67,34.6,25.3,10.2,7.8,1.2,0.5,0.493,0.55,0.693,1.8,9.8,0.204,16,753,1010,0.746,0
312,2019-20,3,James Harden,SG,30,68,36.5,34.3,7.5,6.6,1.8,0.9,0.444,0.543,0.865,3.3,13.1,0.254,0,367,1010,0.363,0
313,2019-20,5,Kawhi Leonard,SF,28,57,32.4,27.1,4.9,7.1,1.8,0.6,0.47,0.524,0.886,2.0,8.7,0.226,0,168,1010,0.166,0
314,2019-20,6,Anthony Davis,PF,26,62,34.4,26.1,3.2,9.3,1.5,2.3,0.503,0.536,0.846,2.5,11.1,0.25,0,82,1010,0.081,0
315,2019-20,7,Chris Paul,PG,34,70,31.5,17.6,6.7,5.0,1.6,0.2,0.489,0.552,0.907,2.3,8.9,0.193,0,26,1010,0.026,0
316,2019-20,8,Damian Lillard,PG,29,66,37.5,30.0,8.0,4.3,1.1,0.3,0.463,0.563,0.888,1.7,11.6,0.225,0,23,1010,0.023,0
317,2019-20,10,Pascal Siakam,PF,25,60,35.2,22.9,3.5,7.3,1.0,0.9,0.453,0.512,0.792,2.8,5.4,0.123,0,17,1010,0.017,0
318,2019-20,11,Jimmy Butler,SF,30,58,33.8,19.9,6.0,6.7,1.8,0.6,0.455,0.474,0.834,1.4,9.0,0.221,0,9,1010,0.009,0
319,2019-20,12,Jayson Tatum,PF,21,66,34.3,23.4,3.0,7.0,1.4,0.9,0.45,0.527,0.812,2.1,6.9,0.146,0,1,1010,0.001,0
320,2020-21,2,Joel Embiid,C,26,51,31.1,28.5,2.8,10.6,1.0,1.4,0.513,0.545,0.859,2.4,8.8,0.266,1,586,1010,0.58,0
321,2020-21,3,Stephen Curry,PG,32,63,34.2,32.0,5.8,5.5,1.2,0.1,0.482,0.605,0.916,1.9,9.0,0.201,5,453,1010,0.449,0
322,2020-21,4,Giannis Antetokounmpo,PF,26,61,33.0,28.1,5.9,11.0,1.2,1.2,0.569,0.6,0.685,2.8,10.2,0.244,1,348,1010,0.345,0
323,2020-21,5,Chris Paul,PG,35,70,31.4,16.4,8.9,4.5,1.4,0.3,0.499,0.557,0.934,2.4,9.2,0.201,2,139,1010,0.138,0
324,2020-21,7,Damian Lillard,PG,30,67,35.8,28.8,7.5,4.2,0.9,0.3,0.451,0.554,0.928,1.5,10.4,0.209,0,38,1010,0.038,0
325,2020-21,8,Julius Randle,PF,26,71,37.6,24.1,6.0,10.2,0.9,0.3,0.456,0.516,0.811,3.2,7.8,0.14,0,20,1010,0.02,0
326,2020-21,11,Russell Westbrook,PG,32,65,36.4,22.2,11.7,11.5,1.4,0.4,0.439,0.474,0.656,2.9,3.7,0.075,0,5,1010,0.005,0
327,2020-21,13T,James Harden,PG,31,44,36.6,24.6,10.8,7.9,1.2,0.8,0.466,0.548,0.861,2.3,7.0,0.208,0,1,1010,0.001,0
328,2020-21,13T,LeBron James,PG,36,45,33.4,25.0,7.8,7.7,1.1,0.6,0.513,0.576,0.698,1.6,5.6,0.179,0,1,1010,0.001,0
329,2020-21,13T,Kawhi Leonard,SF,29,52,34.1,24.8,5.2,6.5,1.6,0.4,0.512,0.568,0.885,1.6,8.8,0.238,0,1,1010,0.001,0
330,2021-22,2,Joel Embiid,C,27,68,33.8,30.6,4.2,11.7,1.1,1.5,0.499,0.534,0.814,2.7,12.0,0.252,26,706,1000,0.706,0
331,2021-22,3,Giannis Antetokounmpo,PF,27,67,32.9,29.9,5.8,11.6,1.1,1.4,0.553,0.582,0.722,3.2,12.9,0.281,9,595,1000,0.595,0
332,2021-22,4,Devin Booker,SG,25,68,34.5,26.8,4.8,5.0,1.1,0.4,0.466,0.53,0.868,2.6,7.6,0.156,0,216,1000,0.216,0
333,2021-22,6,Jayson Tatum,SF,23,76,35.9,26.9,4.4,8.0,1.0,0.6,0.453,0.526,0.853,2.3,9.6,0.169,0,43,1000,0.043,0
334,2021-22,7,Ja Morant,PG,22,57,33.1,27.4,6.7,5.7,1.2,0.4,0.493,0.53,0.761,1.5,6.7,0.171,0,10,1000,0.01,0
335,2021-22,8,Stephen Curry,PG,33,64,34.5,25.5,6.3,5.2,1.3,0.4,0.437,0.554,0.923,2.0,8.0,0.173,0,4,1000,0.004,0
336,2021-22,10T,DeMar DeRozan,PF,32,76,36.1,27.9,4.9,5.2,0.9,0.3,0.504,0.521,0.877,2.3,8.8,0.154,0,1,1000,0.001,0
337,2021-22,10T,Kevin Durant,PF,33,55,37.2,29.9,6.4,7.4,0.9,0.9,0.518,0.57,0.91,2.1,8.4,0.198,0,1,1000,0.001,0
338,2021-22,10T,LeBron James,C,37,56,37.2,30.3,6.2,8.2,1.3,1.1,0.524,0.59,0.756,2.2,7.5,0.172,0,1,1000,0.001,0
339,2022-23,1,Joel Embiid,C,28,66,34.6,33.1,4.2,10.2,1.0,1.7,0.548,0.573,0.857,3.1,12.3,0.259,73,915,1000,0.915,1
340,2022-23,3,Giannis Antetokounmpo,PF,28,63,32.1,31.1,5.7,11.8,0.8,0.8,0.553,0.572,0.645,3.1,8.6,0.204,12,606,1000,0.606,0
341,2022-23,4,Jayson Tatum,SF,24,74,36.9,30.1,4.6,8.8,1.1,0.7,0.466,0.543,0.854,2.2,10.5,0.185,0,280,1000,0.28,0
342,2022-23,5,Shai Gilgeous-Alexander,PG,24,68,35.5,31.4,5.5,4.8,1.6,1.0,0.51,0.531,0.905,2.8,11.4,0.226,0,46,1000,0.046,0
343,2022-23,6,Donovan Mitchell,SG,26,68,35.8,28.3,4.4,4.3,1.5,0.4,0.484,0.572,0.867,2.5,8.9,0.176,0,30,1000,0.03,0
344,2022-23,7,Domantas Sabonis,C,26,79,34.6,19.1,7.3,12.3,0.8,0.5,0.615,0.632,0.742,3.5,12.6,0.221,0,27,1000,0.027,0
345,2022-23,9,Stephen Curry,PG,34,56,34.7,29.4,6.3,6.1,0.9,0.4,0.493,0.614,0.915,2.1,7.8,0.192,0,5,1000,0.005,0
346,2022-23,10,Jimmy Butler,PF,33,64,33.4,22.9,5.3,5.9,1.8,0.3,0.539,0.56,0.85,1.3,12.3,0.277,0,3,1000,0.003,0
347,2022-23,11,De'Aaron Fox,PG,25,73,33.4,25.0,6.1,4.2,1.1,0.3,0.512,0.557,0.78,2.4,7.4,0.146,0,2,1000,0.002,0
348,2022-23,12T,Jalen Brunson,PG,26,68,35.0,24.0,6.2,3.5,0.9,0.2,0.491,0.547,0.829,2.2,8.7,0.175,0,1,1000,0.001,0
349,2022-23,12T,Ja Morant,PG,23,61,31.9,26.2,8.1,5.9,1.1,0.3,0.466,0.504,0.748,1.6,6.0,0.148,0,1,1000,0.001,0
