,Season,Rank,Player,Pos,Age,G,MP,PTS,AST,TRB,STL,BLK,FG%,eFG%,FT%,PF,WS,WS/48,First,Pts Won,Pts Max,Share,MVP,raptor_offense,raptor_defense,predator_offense,predator_defense
0,1997,1,Karl Malone,PF,33,82,36.6,27.4,4.5,9.9,1.4,0.6,0.55,0.55,0.755,2.6,16.7,0.268,63,986,1150,0.857,1,1.19193018,1.980755293,2.151796725,1.935148651
1,1997,2,Michael Jordan,SG,33,82,37.9,29.6,4.3,5.9,1.7,0.5,0.486,0.516,0.833,1.9,18.3,0.283,52,957,1150,0.8320000000000001,0,5.804664227,2.129794124,6.074194223,2.162149235
2,1997,3,Grant Hill,SF,24,80,39.3,21.4,7.3,9.0,1.8,0.6,0.496,0.5,0.711,2.3,14.6,0.223,0,376,1150,0.327,0,0.832206946,-0.141842291,0.921159647,-0.770654059
3,1997,4,Tim Hardaway,PG,30,81,38.7,20.3,8.6,3.4,1.9,0.1,0.415,0.489,0.799,2.0,12.9,0.198,0,238,1150,0.207,0,2.858579428,1.506645239,3.203537601,1.83757115
4,1997,5,Glen Rice,SF,29,79,42.6,26.8,2.0,4.0,0.9,0.3,0.477,0.546,0.867,2.4,10.8,0.154,0,134,1150,0.1169999999999999,0,8.253310904,-1.463893434,8.070920792,-0.490035289
5,1997,6,Gary Payton,PG,28,82,39.2,21.8,7.1,4.6,2.4,0.2,0.476,0.517,0.715,2.5,12.9,0.193,0,105,1150,0.091,0,4.656401401,0.7403305,5.300801781,1.04882472
6,1997,7,Hakeem Olajuwon,C,34,78,36.6,23.2,3.0,9.2,1.5,2.2,0.51,0.512,0.787,3.2,9.1,0.154,0,95,1150,0.083,0,3.794267843,3.728192386,4.162429221,3.893282392
7,1997,8,Patrick Ewing,C,34,78,37.0,22.4,2.0,10.7,0.9,2.4,0.488,0.489,0.754,3.2,9.8,0.163,0,57,1150,0.05,0,-0.902473776,3.261488973,-0.695155712,2.331798487
8,1997,9T,Anthony Mason,PF,30,73,43.1,16.2,5.7,11.4,1.0,0.5,0.525,0.525,0.745,2.8,11.4,0.173,0,7,1150,0.006,0,-1.976070656,-2.862331433,-1.49199984,-2.852432188
9,1997,9T,Shaquille O'Neal,C,24,51,38.1,26.2,3.1,12.5,0.9,2.9,0.557,0.557,0.484,3.5,8.0,0.197,0,7,1150,0.006,0,4.193412685,1.835616913,4.688747343,1.738141171
10,1997,11,Scottie Pippen,SF,31,82,37.7,20.2,5.7,6.5,1.9,0.5,0.474,0.531,0.701,2.6,13.1,0.203,0,6,1150,0.005,0,3.151047779,2.102149908,3.705010507,1.765609039
11,1997,12,Alonzo Mourning,C,26,66,35.2,19.8,1.6,9.9,0.8,2.9,0.534,0.535,0.642,4.1,8.4,0.174,0,5,1150,0.004,0,-4.576190595,4.924695962,-4.252643428,4.017101223
12,1997,13T,Dikembe Mutombo,C,30,80,37.2,13.3,1.4,11.6,0.6,3.3,0.527,0.527,0.705,3.1,11.3,0.183,0,4,1150,0.003,0,2.225397562,2.513526504,1.611690144,2.194807201
13,1997,13T,Mitch Richmond,SG,31,81,38.6,25.9,4.2,3.9,1.5,0.3,0.454,0.519,0.861,2.6,10.8,0.166,0,4,1150,0.003,0,4.062069647,-0.537807446,4.066591985,-0.189983344
14,1997,15,John Stockton,PG,34,82,35.3,14.4,10.5,2.8,2.0,0.2,0.548,0.598,0.846,2.4,13.6,0.226,0,3,1150,0.003,0,7.520161868,0.963547114,7.329520269,1.100905728
15,1997,16,Charles Barkley,PF,33,53,37.9,19.2,4.7,13.5,1.3,0.5,0.484,0.526,0.694,2.9,9.4,0.224,0,2,1150,0.002,0,3.533032385,0.973884597,3.88722658,1.081399662
16,1997,17T,Tom Gugliotta,PF,27,81,38.7,20.6,4.1,8.7,1.6,1.1,0.442,0.451,0.82,2.9,6.7,0.103,0,1,1150,0.001,0,-0.975362059,0.387939535,-0.139638824,1.040561782
17,1997,17T,Allen Iverson,PG,21,76,40.1,23.5,7.5,4.1,2.1,0.3,0.416,0.467,0.702,3.1,4.1,0.065,0,1,1150,0.001,0,1.736144421,-0.993015206,2.36265249,-0.256284484
18,1997,17T,Kevin Johnson,PG,30,70,38.0,20.1,9.3,3.6,1.5,0.2,0.496,0.546,0.852,2.0,11.7,0.211,0,1,1150,0.001,0,-1.784945866,0.441050707,-0.946222145,1.284336362
19,1997,17T,Steve Smith,SG,27,72,39.1,20.1,4.2,3.3,0.9,0.3,0.429,0.486,0.847,2.4,9.1,0.154,0,1,1150,0.001,0,1.552163044,-0.736190817,1.444710934,-0.181895281
20,1998,1,Michael Jordan,SG,34,82,38.8,28.7,3.5,5.8,1.7,0.5,0.465,0.473,0.784,1.8,15.8,0.238,92,1084,1160,0.934,1,6.19749683,1.299651397,6.372409082,1.324568973
21,1998,2,Karl Malone,PF,34,81,37.4,27.0,3.9,10.3,1.2,0.9,0.53,0.531,0.761,2.9,16.4,0.259,20,842,1160,0.726,0,1.827683843,2.426845915,2.309818038,2.427243149
22,1998,3,Gary Payton,PG,29,82,38.4,19.2,8.3,4.6,2.3,0.2,0.453,0.505,0.744,2.4,12.5,0.19,3,431,1160,0.372,0,6.520718479,-0.977268581,6.659115982,-0.169923518
23,1998,4,Shaquille O'Neal,C,25,60,36.3,28.3,2.4,11.4,0.7,2.4,0.584,0.584,0.527,3.2,10.2,0.224,1,311,1160,0.268,0,5.14541911,-1.484046715,5.678644822,-1.490816484
24,1998,5,Tim Duncan,PF,21,82,39.1,21.1,2.7,11.9,0.7,2.5,0.549,0.549,0.662,3.1,12.8,0.192,0,148,1160,0.128,0,0.818455472,1.900251976,0.891411399,1.433440089
25,1998,6,Tim Hardaway,PG,31,81,37.4,18.9,8.3,3.7,1.7,0.2,0.431,0.49,0.781,2.5,11.7,0.185,0,71,1160,0.061,0,5.846080993,-1.569911345,5.984227761,-1.520992025
26,1998,7,David Robinson,C,32,73,33.7,21.6,2.7,10.6,0.9,2.6,0.511,0.511,0.735,2.8,13.8,0.269,0,36,1160,0.031,0,0.509244318,6.40604559,1.233837722,5.425766181
27,1998,8,Vin Baker,C,26,82,35.9,19.2,1.9,8.0,1.1,1.0,0.542,0.543,0.591,3.4,10.4,0.169,0,24,1160,0.021,0,-0.373503128,-0.215482222,0.39156132,0.520520497
28,1998,9,Grant Hill,SF,25,81,40.7,21.1,6.8,7.7,1.8,0.7,0.452,0.453,0.74,2.4,10.2,0.149,0,23,1160,0.02,0,1.930164037,1.466597635,2.027980485,1.315657455
29,1998,10,Scottie Pippen,SF,32,44,37.5,19.1,5.8,5.2,1.8,1.0,0.447,0.491,0.777,2.6,6.6,0.193,0,14,1160,0.012,0,4.154818225,3.475736493,4.778508363,3.398141336
30,1998,11,Glen Rice,SF,30,82,40.2,22.3,2.2,4.3,0.9,0.3,0.457,0.504,0.849,2.4,9.3,0.136,0,7,1160,0.006,0,2.171628513,-0.017033622,2.020876504,0.224439398
31,1998,12,Antoine Walker,PF,21,82,39.9,22.4,3.3,10.2,1.7,0.7,0.423,0.45,0.645,3.2,4.7,0.07,0,6,1160,0.005,0,-0.901423485,-0.03937721,-0.040940106,0.012956265
32,1998,13T,Jason Kidd,PG,24,82,38.0,11.6,9.1,6.2,2.0,0.3,0.416,0.458,0.799,1.7,8.0,0.123,0,5,1160,0.004,0,1.872399521,2.909971062,2.64864005,3.741597567
33,1998,13T,John Stockton,PG,35,64,29.0,12.0,8.5,2.6,1.4,0.2,0.528,0.567,0.827,2.2,8.0,0.206,0,5,1160,0.004,0,5.484916837,2.099110196,5.304024066,2.23771408
34,1998,15,Mitch Richmond,SG,32,70,36.7,23.2,4.0,3.3,1.3,0.2,0.445,0.498,0.864,2.2,7.9,0.148,0,3,1160,0.003,0,3.391246999,-1.050788713,3.193840925,-0.681066146
35,1998,16T,Reggie Miller,SG,32,81,34.5,19.5,2.1,2.9,1.0,0.1,0.477,0.553,0.868,1.8,12.0,0.206,0,2,1160,0.002,0,5.309405167,-0.547238882,5.570414701,-0.362932254
36,1998,16T,Rik Smits,C,31,73,28.6,16.7,1.4,6.9,0.5,1.2,0.495,0.495,0.783,3.3,6.1,0.141,0,2,1160,0.002,0,1.473011199,0.742105974,1.678181201,1.223572834
37,1998,18T,Michael Finley,SF,24,82,41.4,21.5,4.9,5.3,1.6,0.4,0.449,0.477,0.784,2.0,7.5,0.106,0,1,1160,0.001,0,1.658959429,-0.374218751,1.57826676,-0.137841833
38,1998,18T,Rod Strickland,PG,31,76,39.7,17.8,10.5,5.3,1.7,0.3,0.434,0.439,0.726,2.4,8.1,0.129,0,1,1160,0.001,0,3.098822301,-0.201628112,2.937324838,0.042610256
39,1999,1,Karl Malone,PF,35,49,37.4,23.8,4.1,9.4,1.3,0.6,0.493,0.493,0.788,2.7,9.6,0.252,44,827,1180,0.701,1,0.835864659,1.187836628,1.406123367,1.099544305
40,1999,2,Alonzo Mourning,C,28,46,38.1,20.1,1.6,11.0,0.7,3.9,0.511,0.511,0.652,3.5,7.9,0.216,36,773,1180,0.655,0,-0.09753675,3.066442938,0.229760035,3.292873672
41,1999,3,Tim Duncan,PF,22,50,39.3,21.7,2.4,11.4,0.9,2.5,0.495,0.495,0.69,2.9,8.7,0.213,30,740,1180,0.627,0,2.889287003,2.511077347,3.044180361,2.188039567
42,1999,4,Allen Iverson,SG,23,48,41.5,26.8,4.6,4.9,2.3,0.1,0.412,0.439,0.751,2.0,7.2,0.173,5,319,1180,0.27,0,3.808809774,0.74593971,4.700315782,0.848416946
43,1999,5,Jason Kidd,PG,25,50,41.2,16.9,10.8,6.8,2.3,0.4,0.444,0.476,0.757,2.2,8.1,0.188,2,159,1180,0.135,0,4.340273464,-2.096639973,4.418152542,-1.312435267
44,1999,6,Shaquille O'Neal,C,26,49,34.8,26.3,2.3,10.7,0.7,1.7,0.576,0.576,0.54,3.2,9.0,0.255,1,89,1180,0.075,0,2.636641415,0.659744104,3.360909231,0.789593115
45,1999,7,Chris Webber,PF,25,42,40.9,20.0,4.1,13.0,1.4,2.1,0.486,0.488,0.454,3.5,3.6,0.102,0,51,1180,0.043,0,-4.073954083,1.403466114,-3.14873446,1.6672999
46,1999,8,Grant Hill,SF,26,50,37.0,21.1,6.0,7.1,1.6,0.5,0.479,0.479,0.752,2.3,7.3,0.189,0,39,1180,0.033,0,5.414789871,2.850272983,5.667682851,2.748900545
47,1999,9,Gary Payton,PG,30,50,40.2,21.7,8.7,4.9,2.2,0.2,0.434,0.479,0.721,2.3,7.2,0.172,0,35,1180,0.03,0,5.525856003,0.357127795,5.911559308,0.938657837
48,1999,10,Kevin Garnett,PF,22,47,37.9,20.8,4.3,10.4,1.7,1.8,0.46,0.462,0.704,3.2,5.4,0.146,0,9,1180,0.008,0,1.998616114,2.81608128,2.428036174,2.500892497
49,1999,11,Shawn Kemp,PF,29,42,35.1,20.5,2.4,9.2,1.1,1.1,0.482,0.483,0.789,3.8,6.3,0.205,0,7,1180,0.006,0,2.122292766,0.542594529,2.125742116,0.687470009
50,1999,12,David Robinson,C,33,49,31.7,15.8,2.1,10.0,1.4,2.4,0.509,0.509,0.658,2.9,8.4,0.261,0,6,1180,0.005,0,0.788888146,7.432781829,1.286623385,6.722598262
51,1999,13T,Hakeem Olajuwon,C,36,50,35.7,18.9,1.8,9.6,1.6,2.5,0.514,0.517,0.717,3.2,6.5,0.175,0,3,1180,0.003,0,-4.595222443,0.594850189,-4.062324017,1.567227708
52,1999,13T,Arvydas Sabonis,C,34,50,27.0,12.1,2.4,7.9,0.7,1.3,0.485,0.493,0.771,2.9,5.8,0.207,0,3,1180,0.003,0,-1.021798253,3.711973752,-0.679793538,3.374463768
53,1999,15,Darrell Armstrong,PG,30,50,30.0,13.8,6.7,3.6,2.2,0.1,0.441,0.507,0.904,1.8,6.4,0.205,0,2,1180,0.002,0,0.515316471,-1.076565657,0.938862128,-0.536987027
54,1999,16T,Vince Carter,SF,22,50,35.2,18.3,3.0,5.7,1.1,1.5,0.45,0.463,0.761,2.8,5.0,0.136,0,1,1180,0.001,0,1.49713104,-0.131713821,1.412598564,-0.10501412
55,1999,16T,Anfernee Hardaway,SG,27,50,38.9,15.8,5.3,5.7,2.2,0.5,0.42,0.448,0.706,2.2,5.0,0.122,0,1,1180,0.001,0,3.529020233,0.200528156,3.366846949,0.891320144
56,1999,16T,Mark Jackson,PG,33,49,28.2,7.6,7.9,3.8,0.9,0.1,0.419,0.468,0.823,1.2,3.8,0.134,0,1,1180,0.001,0,6.305217851,-0.527345181,6.108291763,-0.171803298
57,1999,16T,Glenn Robinson,SF,26,47,33.6,18.4,2.1,5.9,1.0,0.9,0.459,0.479,0.87,2.4,4.0,0.122,0,1,1180,0.001,0,-1.049317955,-0.52279873,-0.665416299,-1.21347934
58,1999,16T,Steve Smith,SG,29,36,36.5,18.7,3.3,4.2,1.0,0.3,0.402,0.445,0.849,2.8,4.4,0.162,0,1,1180,0.001,0,1.071249111,0.021699112,1.108351835,0.704002656
59,1999,16T,Rasheed Wallace,PF,24,49,28.9,12.8,1.2,4.9,1.0,1.1,0.508,0.522,0.732,3.6,5.0,0.169,0,1,1180,0.001,0,2.177400936,2.108701713,2.342036476,2.707853386
60,2000,1,Shaquille O'Neal,C,27,79,40.0,29.7,3.8,13.6,0.5,3.0,0.574,0.574,0.524,3.2,18.6,0.283,120,1207,1210,0.998,1,4.785292262,0.902775349,5.408090135,0.921480688
61,2000,2,Kevin Garnett,PF,23,81,40.0,22.9,5.0,11.8,1.5,1.6,0.497,0.507,0.765,2.5,11.6,0.172,0,408,1210,0.337,0,2.314217165,1.78381942,3.006845289,1.771428412
62,2000,3,Alonzo Mourning,C,29,79,34.8,21.7,1.6,9.5,0.5,3.7,0.551,0.551,0.711,3.9,12.9,0.226,0,367,1210,0.303,0,-0.919381546,5.084195542,-1.081401393,3.873703186
63,2000,4,Karl Malone,PF,36,82,35.9,25.5,3.7,9.5,1.0,0.9,0.509,0.51,0.797,2.8,15.3,0.249,0,312,1210,0.258,0,2.574695145,0.022447212,2.347010795,0.072623305
64,2000,5,Tim Duncan,PF,23,74,38.9,23.2,3.2,12.4,0.9,2.2,0.49,0.491,0.761,2.8,13.0,0.218,0,248,1210,0.205,0,2.181471716,2.096514225,2.461386402,1.926043433
65,2000,6,Gary Payton,PG,31,82,41.8,24.2,8.9,6.5,1.9,0.2,0.448,0.502,0.735,2.2,13.9,0.195,0,180,1210,0.149,0,4.063230728,0.897712147,4.443131439,1.550040454
66,2000,7,Allen Iverson,SG,24,70,40.8,28.4,4.7,3.8,2.1,0.1,0.421,0.446,0.713,2.3,6.9,0.116,1,132,1210,0.109,0,0.90586637,-1.077458488,1.647699909,-0.816378188
67,2000,8,Grant Hill,SF,27,74,37.5,25.8,5.2,6.6,1.4,0.6,0.489,0.501,0.795,2.6,10.7,0.185,0,113,1210,0.093,0,-3.581425145,-1.000930153,-3.836716842,-1.617819833
68,2000,9,Chris Webber,PF,26,75,38.4,24.5,4.6,10.5,1.6,1.7,0.483,0.492,0.751,3.5,10.7,0.179,0,96,1210,0.079,0,4.721353995,2.383361635,5.253552514,2.649687788
69,2000,10,Vince Carter,SF,23,82,38.1,25.7,3.9,5.8,1.3,1.1,0.465,0.493,0.791,3.2,11.8,0.182,0,51,1210,0.042,0,2.981214909,-0.56756479,2.756818058,-0.48421899
70,2000,11,Jason Kidd,PG,26,67,39.0,14.3,10.1,7.2,2.0,0.4,0.409,0.442,0.829,2.2,8.5,0.156,0,25,1210,0.021,0,2.234227566,1.543487723,2.208994101,1.392239653
71,2000,12,Kobe Bryant,SG,21,66,38.2,22.5,4.9,6.3,1.6,0.9,0.468,0.488,0.821,3.3,10.6,0.202,0,3,1210,0.002,0,3.303705816,0.942004593,3.713772961,1.405313697
72,2000,13T,Darrell Armstrong,PG,31,82,31.6,16.2,6.1,3.3,2.1,0.1,0.433,0.494,0.911,1.7,8.0,0.149,0,1,1210,0.001,0,3.726113482,1.280989435,4.050281387,1.444651055
73,2000,13T,Michael Finley,SF,26,82,42.2,22.6,5.3,6.3,1.3,0.4,0.457,0.487,0.82,2.1,8.3,0.114,0,1,1210,0.001,0,2.706359303,-0.459971281,2.915128481,-0.256664927
74,2000,13T,Reggie Miller,SG,34,81,36.9,18.1,2.3,3.0,1.0,0.3,0.448,0.527,0.919,1.6,10.1,0.162,0,1,1210,0.001,0,6.535165146,-0.238823726,6.691434663,0.01953324
75,2000,13T,Jalen Rose,SF,27,80,37.2,18.2,4.0,4.8,1.1,0.6,0.471,0.503,0.827,2.9,7.3,0.118,0,1,1210,0.001,0,1.884047122,-0.57610299,2.255151474,-0.228010938
76,2001,1,Allen Iverson,SG,25,71,42.0,31.1,4.6,3.8,2.5,0.3,0.42,0.447,0.814,2.1,11.8,0.19,93,1121,1240,0.904,1,3.523013069,0.126153512,4.457395563,0.788317507
77,2001,2,Tim Duncan,PF,24,82,38.7,22.2,3.0,12.2,0.9,2.3,0.499,0.502,0.618,3.0,13.2,0.2,18,706,1240,0.569,0,1.593749016,4.64552279,1.960634446,4.269792192
78,2001,3,Shaquille O'Neal,C,28,74,39.5,28.7,3.7,12.7,0.6,2.8,0.572,0.572,0.513,3.5,14.9,0.245,7,578,1240,0.466,0,5.456682713,3.499411418,6.046024211,2.634236098
79,2001,4,Chris Webber,PF,27,70,40.5,27.1,4.2,11.1,1.3,1.7,0.481,0.481,0.703,3.2,11.0,0.186,5,521,1240,0.42,0,-2.993455287,1.228930409,-2.115116611,1.276063176
80,2001,5,Kevin Garnett,PF,24,81,39.5,22.0,5.0,11.4,1.4,1.8,0.477,0.484,0.764,2.5,11.8,0.176,1,151,1240,0.122,0,4.963739193,2.917100679,4.281585326,3.062450963
81,2001,6,Tracy McGrady,SG,21,77,40.1,26.8,4.6,7.5,1.5,1.5,0.457,0.474,0.733,2.1,12.2,0.189,0,64,1240,0.052,0,5.434331899,1.243212659,5.670590294,1.444532624
82,2001,7,Karl Malone,PF,37,81,35.7,23.2,4.5,8.3,1.1,0.8,0.498,0.499,0.793,2.7,13.1,0.217,0,21,1240,0.017,0,-2.625029704,-0.927618498,-1.592835872,-1.179798224
83,2001,8,Jason Kidd,PG,27,77,39.8,16.9,9.8,6.4,2.2,0.3,0.411,0.443,0.814,2.2,9.6,0.15,0,18,1240,0.015,0,2.226217441,0.969068083,2.12849783,1.681224126
84,2001,9,Kobe Bryant,SG,22,68,40.9,28.5,5.0,5.9,1.7,0.6,0.464,0.484,0.853,3.3,11.3,0.196,0,11,1240,0.009,0,6.802808718,1.523943119,6.987599526,1.671727265
85,2001,10,David Robinson,C,35,80,29.6,14.4,1.5,8.6,1.0,2.5,0.486,0.486,0.747,2.7,12.1,0.246,0,8,1240,0.006,0,-0.017270217,6.518787672,0.42490618,6.257310238
86,2001,11T,Ray Allen,SG,25,82,38.2,22.0,4.6,5.2,1.5,0.2,0.48,0.557,0.888,2.3,13.7,0.211,0,7,1240,0.006,0,8.666183696,0.092760658,8.611782154,0.282261922
87,2001,11T,Vince Carter,SF,24,75,39.7,27.6,3.9,5.5,1.5,1.1,0.46,0.509,0.765,2.7,12.9,0.208,0,7,1240,0.006,0,6.37855061,0.372541291,6.78691142,0.932193787
88,2001,13,Paul Pierce,SF,23,82,38.0,25.3,3.1,6.4,1.7,0.8,0.454,0.503,0.745,3.1,10.4,0.16,0,5,1240,0.004,0,2.58809187,0.049655955,2.710447902,0.186144105
89,2001,14,Jerry Stackhouse,SG,26,80,40.2,29.8,5.1,3.9,1.2,0.7,0.402,0.445,0.822,2.0,9.2,0.137,0,3,1240,0.002,0,3.260941161,-1.012391944,3.429053782,-1.057937528
90,2001,15T,Michael Finley,SF,27,82,42.0,21.5,4.4,5.2,1.4,0.4,0.458,0.487,0.775,2.1,8.5,0.119,0,1,1240,0.001,0,0.828121713,-1.331816177,1.419562178,-1.121389245
91,2001,15T,Anthony Mason,PF,34,80,40.7,16.1,3.1,9.6,1.0,0.3,0.482,0.482,0.781,2.9,11.6,0.171,0,1,1240,0.001,0,-4.995687095,-2.821185809,-5.524985324,-2.980871082
92,2001,15T,John Stockton,PG,38,82,29.2,11.5,8.7,2.8,1.6,0.3,0.504,0.551,0.817,2.4,10.8,0.216,0,1,1240,0.001,0,9.403281479,4.50521646,8.789171139,5.084722187
93,2002,1,Tim Duncan,PF,25,82,40.6,25.5,3.7,12.7,0.7,2.5,0.508,0.508,0.799,2.6,17.8,0.257,57,954,1260,0.757,1,3.778704876,5.096857654,4.039963836,3.923733465
94,2002,2,Jason Kidd,PG,28,82,37.3,14.7,9.9,7.3,2.1,0.2,0.391,0.442,0.814,1.7,8.9,0.14,45,897,1260,0.7120000000000001,0,5.512569174,1.436640036,5.569145697,1.591668097
95,2002,3,Shaquille O'Neal,C,29,67,36.1,27.2,3.0,10.7,0.6,2.0,0.579,0.579,0.555,3.0,13.2,0.262,15,696,1260,0.552,0,3.34688525,3.380948919,3.589472161,2.560951438
96,2002,4,Tracy McGrady,SG,22,76,38.3,25.6,5.3,7.9,1.6,1.0,0.451,0.483,0.748,1.8,11.5,0.189,7,390,1260,0.31,0,5.020059473,-0.233764326,4.670661506,-0.456620971
97,2002,5,Kobe Bryant,SG,23,80,38.3,25.2,5.5,5.5,1.5,0.4,0.469,0.479,0.829,2.9,12.7,0.199,1,98,1260,0.078,0,3.512405598,0.140788375,3.798249295,0.637422686
98,2002,6,Gary Payton,PG,33,82,40.3,22.1,9.0,4.8,1.6,0.3,0.467,0.49,0.797,2.2,12.6,0.183,1,54,1260,0.043,0,2.149647626,-1.469302852,2.673215551,-0.990379151
99,2002,7,Chris Webber,PF,28,54,38.4,24.5,4.8,10.1,1.7,1.4,0.495,0.497,0.749,3.4,8.6,0.2,0,37,1260,0.0289999999999999,0,1.885529411,0.373285863,2.100826811,0.540480735
100,2002,8,Dirk Nowitzki,C,23,76,38.0,23.4,2.4,9.9,1.1,1.0,0.477,0.532,0.853,2.9,13.4,0.222,0,31,1260,0.025,0,3.71624219,-0.393006034,4.540172649,0.43603692
101,2002,9,Allen Iverson,SG,26,60,43.7,31.4,5.5,4.5,2.8,0.2,0.398,0.422,0.812,1.7,6.9,0.126,0,29,1260,0.023,0,4.620031313,-0.088727253,5.06450808,0.471251879
102,2002,10,Ben Wallace,C,27,80,36.5,7.6,1.4,13.0,1.7,3.5,0.531,0.531,0.423,2.2,11.6,0.19,0,24,1260,0.019,0,-1.65002813,7.320998578,-1.478430939,6.900132639
103,2002,11,Paul Pierce,SG,24,82,40.3,26.1,3.2,6.9,1.9,1.0,0.442,0.508,0.809,2.9,12.9,0.187,0,22,1260,0.017,0,3.282915423,1.255346729,3.499991107,1.299653086
104,2002,12,Kevin Garnett,PF,25,81,39.2,21.2,5.2,12.1,1.2,1.6,0.47,0.484,0.801,2.3,12.8,0.194,0,17,1260,0.013,0,2.581096867,3.327343519,2.968342271,3.023467148
105,2002,13,Michael Jordan,SF,38,60,34.9,22.9,5.2,5.7,1.4,0.4,0.416,0.42,0.79,2.0,3.3,0.075,0,16,1260,0.013,0,1.048079643,-1.164776045,1.601696488,-0.9322201
106,2002,14,Steve Nash,PG,27,82,34.6,17.9,7.7,3.1,0.6,0.0,0.483,0.554,0.887,2.0,9.9,0.167,0,5,1260,0.004,0,4.809742605,-1.292945157,4.807230762,-1.76851618
107,2002,15,Jerry Stackhouse,SF,27,76,35.3,21.4,5.3,4.1,1.0,0.5,0.397,0.43,0.858,2.1,5.8,0.104,0,3,1260,0.002,0,-0.793495698,-0.207658699,-0.689652314,-0.539063246
108,2002,16T,Mike Bibby,PG,23,80,33.2,13.7,5.0,2.8,1.1,0.2,0.453,0.479,0.803,1.7,6.3,0.113,0,1,1260,0.001,0,2.700582897,0.392765097,2.694438426,0.53334153
109,2002,16T,Elton Brand,PF,22,80,37.8,18.2,2.4,11.6,1.0,2.0,0.527,0.527,0.742,3.2,13.6,0.216,0,1,1260,0.001,0,4.08102442,0.750138857,3.833756175,1.145210667
110,2002,16T,Peja Stojakovic,SF,24,71,37.3,21.2,2.5,5.3,1.1,0.2,0.484,0.541,0.876,1.7,9.9,0.179,0,1,1260,0.001,0,-0.304650594,-2.166832173,-0.1039955,-2.394911423
111,2003,1,Tim Duncan,PF,26,81,39.3,23.3,3.9,12.9,0.7,2.9,0.513,0.515,0.71,2.9,16.5,0.248,60,962,1190,0.8079999999999999,1,4.943818438,5.030131355,4.59466796,4.517212076
112,2003,2,Kevin Garnett,PF,26,82,40.5,23.0,6.0,13.4,1.4,1.6,0.502,0.508,0.751,2.4,15.6,0.225,43,871,1190,0.732,0,2.130141485,4.883526101,2.54359607,4.923711652
113,2003,3,Kobe Bryant,SG,24,82,41.5,30.0,5.9,6.9,2.2,0.8,0.451,0.483,0.843,2.7,14.9,0.21,8,496,1190,0.417,0,4.371810412,-1.138594006,4.675825269,-0.813744496
114,2003,4,Tracy McGrady,SG,23,75,39.4,32.1,5.5,6.5,1.7,0.8,0.457,0.505,0.793,2.1,16.1,0.262,4,427,1190,0.359,0,5.79555805,1.657672967,5.966579219,1.667393822
115,2003,5,Shaquille O'Neal,C,30,67,37.8,27.5,3.1,11.1,0.6,2.4,0.574,0.574,0.622,3.4,13.2,0.25,3,126,1190,0.106,0,5.260800709,1.461662029,5.23206848,1.094985442
116,2003,6,Allen Iverson,SG,27,82,42.5,27.6,5.5,4.2,2.7,0.2,0.414,0.436,0.774,1.8,9.2,0.127,0,83,1190,0.07,0,4.300767923,0.316150865,5.133892749,0.656083557
117,2003,7,Dirk Nowitzki,PF,24,80,39.0,25.1,3.0,9.9,1.4,1.0,0.463,0.513,0.881,2.6,16.1,0.249,0,43,1190,0.036,0,3.263031569,1.793002989,3.756872756,1.959771187
118,2003,8,Ben Wallace,C,28,73,39.4,6.9,1.6,15.4,1.4,3.2,0.481,0.482,0.45,2.5,10.6,0.176,1,33,1190,0.0279999999999999,0,0.162698572,8.307126061,0.537019127,8.522284174
119,2003,9,Jason Kidd,PG,29,80,37.4,18.7,8.9,6.3,2.2,0.3,0.414,0.465,0.841,1.6,11.3,0.182,0,31,1190,0.026,0,3.609455366,2.598009394,3.815309562,2.619706666
120,2003,10,Chris Webber,PF,29,67,39.1,23.0,5.4,10.5,1.6,1.3,0.461,0.463,0.607,3.0,6.9,0.127,0,19,1190,0.016,0,1.698852529,0.979461689,2.468282573,1.03896332
121,2003,11T,Jamal Mashburn,SF,30,82,40.5,21.6,5.6,6.1,1.0,0.2,0.422,0.46,0.848,2.4,9.0,0.13,0,1,1190,0.001,0,2.784639914,-0.748733977,2.962108157,-1.330382211
122,2003,11T,Steve Nash,PG,28,82,33.1,17.7,7.3,2.9,1.0,0.1,0.465,0.515,0.909,1.6,11.6,0.206,0,1,1190,0.001,0,4.112342289,-2.176688635,4.121399904,-1.938451675
123,2003,11T,Paul Pierce,SG,25,79,39.2,25.9,4.4,7.3,1.8,0.8,0.416,0.454,0.802,2.9,10.1,0.157,0,1,1190,0.001,0,3.647731049,1.745594369,3.54528,1.859126998
124,2004,1,Kevin Garnett,PF,27,82,39.4,24.2,5.0,13.9,1.5,2.2,0.499,0.502,0.791,2.5,18.3,0.272,120,1219,1230,0.991,1,1.712479841,3.73271834,2.389303963,3.469266223
125,2004,2,Tim Duncan,PF,27,69,36.6,22.3,3.1,12.4,0.9,2.7,0.501,0.502,0.599,2.4,13.1,0.249,0,716,1230,0.5820000000000001,0,1.784401779,2.449120289,2.024681922,1.97984212
126,2004,3,Jermaine O'Neal,PF,25,78,35.7,20.1,2.1,10.0,0.8,2.6,0.434,0.435,0.757,3.2,9.0,0.155,2,523,1230,0.425,0,-0.750258294,1.999171341,-0.589768164,1.900078313
127,2004,5,Kobe Bryant,SG,25,65,37.6,24.0,5.1,5.5,1.7,0.4,0.438,0.468,0.852,2.7,10.7,0.21,0,212,1230,0.172,0,4.499176587,0.468552244,5.055221926,0.928210083
128,2004,6,Shaquille O'Neal,C,31,67,36.8,21.5,2.9,11.5,0.5,2.5,0.584,0.584,0.49,3.4,9.9,0.192,0,178,1230,0.145,0,3.417057229,1.468810955,3.661253461,1.439880491
129,2004,7,Ben Wallace,C,29,81,37.7,9.5,1.7,12.4,1.8,3.0,0.421,0.422,0.49,2.0,10.2,0.16,0,24,1230,0.02,0,-0.400690815,7.600224615,0.124349219,7.316674518
130,2004,8,Jason Kidd,PG,30,67,36.6,15.5,9.2,6.4,1.8,0.2,0.384,0.433,0.827,1.6,7.2,0.141,0,17,1230,0.0139999999999999,0,3.031734233,3.145107277,3.349381899,2.865112888
131,2004,9,LeBron James,SG,19,79,39.5,20.9,5.9,5.5,1.6,0.7,0.417,0.438,0.754,1.9,5.1,0.078,0,11,1230,0.009,0,1.337109873,-0.298264024,1.629358074,-0.105367396
132,2004,10T,Sam Cassell,PG,34,81,35.0,19.8,7.3,3.3,1.3,0.2,0.488,0.517,0.873,3.0,12.1,0.205,0,4,1230,0.003,0,3.49383794,-0.866390633,3.499123634,-0.619334282
133,2004,10T,Baron Davis,PG,24,67,40.1,22.9,7.5,4.3,2.4,0.4,0.395,0.462,0.673,2.7,7.5,0.133,0,4,1230,0.003,0,4.445783137,2.317885085,4.598996222,2.949701322
134,2004,10T,Dirk Nowitzki,C,25,77,37.9,21.8,2.7,8.7,1.2,1.4,0.462,0.5,0.877,2.8,11.5,0.19,0,4,1230,0.003,0,3.994320859,3.296117261,4.09279407,3.594546406
135,2004,13,Andrei Kirilenko,PF,22,78,37.1,16.5,3.1,8.1,1.9,2.8,0.443,0.479,0.79,2.2,11.6,0.192,0,2,1230,0.002,0,3.360856223,3.658177117,3.660802154,3.393726477
136,2004,14T,Carmelo Anthony,SF,19,82,36.5,21.0,2.8,6.1,1.2,0.5,0.426,0.449,0.777,2.7,6.1,0.098,0,1,1230,0.001,0,-3.630628615,-1.315557626,-2.732617898,-1.522702815
137,2004,14T,Yao Ming,C,23,82,32.8,17.5,1.5,9.0,0.3,1.9,0.522,0.522,0.809,3.3,11.4,0.202,0,1,1230,0.001,0,-2.341122822,0.742893327,-2.336331691,0.746684323
138,2004,14T,Michael Redd,SG,24,82,36.8,21.7,2.3,5.0,1.0,0.1,0.44,0.484,0.868,1.9,9.7,0.154,0,1,1230,0.001,0,-1.092199923,-7.541593171,-0.974215343,-6.999286329
139,2005,1,Steve Nash,PG,30,75,34.3,15.5,11.5,3.3,1.0,0.1,0.502,0.557,0.887,1.8,10.9,0.203,65,1066,1270,0.8390000000000001,1,8.301772126,-1.788156933,8.396074199,-1.984395953
140,2005,2,Shaquille O'Neal,C,32,73,34.1,22.9,2.7,10.4,0.5,2.3,0.601,0.601,0.461,3.6,11.0,0.211,58,1032,1270,0.813,0,-2.343056979,1.853980256,-1.676241067,1.418384157
141,2005,3,Dirk Nowitzki,PF,26,78,38.7,26.1,3.1,9.7,1.2,1.5,0.459,0.49,0.869,2.8,15.6,0.248,0,349,1270,0.275,0,1.353556242,1.609465957,2.192891375,1.728684565
142,2005,4,Tim Duncan,PF,28,66,33.4,20.3,2.7,11.1,0.7,2.6,0.496,0.498,0.67,2.2,11.2,0.245,1,328,1270,0.258,0,2.641471624,3.512954021,2.87306704,2.901931483
143,2005,5,Allen Iverson,PG,29,75,42.3,30.7,7.9,4.0,2.4,0.1,0.424,0.453,0.835,1.9,9.0,0.136,2,240,1270,0.1889999999999999,0,5.182099287,-1.783267228,5.0921115,-1.166128797
144,2005,6,LeBron James,SF,20,80,42.4,27.2,7.2,7.4,2.2,0.7,0.472,0.504,0.75,1.8,14.3,0.203,0,93,1270,0.073,0,5.094678357,1.423964185,5.324233376,1.480191196
145,2005,7,Tracy McGrady,SF,25,78,40.8,25.7,5.7,6.2,1.7,0.7,0.431,0.473,0.774,2.1,12.0,0.18,0,44,1270,0.035,0,7.857888249,0.384554749,8.54893893,0.354454455
146,2005,8,Dwyane Wade,SG,23,77,38.6,24.1,6.8,5.2,1.6,1.1,0.478,0.483,0.762,3.0,11.0,0.177,0,43,1270,0.034,0,4.255543418,0.674707473,4.331956411,0.755559665
147,2005,9T,Amar'e Stoudemire,C,22,80,36.1,26.0,1.6,8.9,1.0,1.6,0.559,0.56,0.733,3.5,14.6,0.243,1,41,1270,0.032,0,5.146470511,-2.664369944,5.649027351,-2.098340696
148,2005,9T,Ray Allen,SG,29,78,39.3,23.9,3.7,4.4,1.1,0.1,0.428,0.498,0.883,2.1,10.7,0.168,0,41,1270,0.032,0,7.820885151,-0.769405687,8.170557255,-0.926331188
149,2005,11,Kevin Garnett,PF,28,82,38.1,22.2,5.7,13.5,1.5,1.4,0.502,0.504,0.811,2.5,16.1,0.248,0,15,1270,0.012,0,4.557452518,3.023751746,4.718698098,3.228541886
150,2005,12,Gilbert Arenas,PG,23,80,40.9,25.5,5.1,4.7,1.7,0.3,0.431,0.498,0.814,3.1,11.5,0.169,0,4,1270,0.003,0,2.767216574,-0.676077634,3.392730726,0.063113899
151,2005,13,Vince Carter,SF-SG,28,77,36.7,24.5,4.2,5.2,1.4,0.6,0.452,0.493,0.798,3.2,9.4,0.159,0,3,1270,0.002,0,-0.59168384,1.577384654,-0.154301918,1.542468234
152,2005,14T,P.J. Brown,PF,35,82,34.4,10.8,2.2,9.0,0.9,0.6,0.446,0.446,0.864,2.8,6.9,0.118,0,1,1270,0.001,0,-0.235307543,0.465443672,-0.616207239,0.891417531
153,2005,14T,Marcus Camby,C,30,66,30.5,10.3,2.3,10.0,0.9,3.0,0.465,0.465,0.723,2.7,5.8,0.138,0,1,1270,0.001,0,-3.669237651,2.277055516,-3.450213762,2.091247372
154,2005,14T,Shawn Marion,PF,26,81,38.8,19.4,1.9,11.3,2.0,1.5,0.476,0.52,0.833,2.5,12.5,0.191,0,1,1270,0.001,0,2.658942181,0.810505253,3.357122038,1.344208709
155,2006,1,Steve Nash,PG,31,79,35.4,18.8,10.5,4.2,0.8,0.2,0.512,0.583,0.921,1.5,12.4,0.212,57,924,1250,0.7390000000000001,1,6.39457324,-1.564706989,6.154210311,-2.021842853
156,2006,2,LeBron James,SF,21,79,42.5,31.4,6.6,7.0,1.6,0.8,0.48,0.515,0.738,2.3,16.3,0.232,16,688,1250,0.55,0,3.572479918,0.529563884,3.805385353,0.488560391
157,2006,3,Dirk Nowitzki,PF,27,81,38.1,26.6,2.8,9.0,0.7,1.0,0.48,0.515,0.901,2.0,17.7,0.275,14,544,1250,0.435,0,6.07445663,1.596239364,6.307642506,1.723244551
158,2006,4,Kobe Bryant,SG,27,80,41.0,35.4,4.5,5.3,1.8,0.4,0.45,0.491,0.85,2.9,15.3,0.224,22,483,1250,0.386,0,2.941024894,-1.851363994,2.839139946,-1.422247356
159,2006,5,Chauncey Billups,PG,29,81,36.1,18.5,8.6,3.1,0.9,0.1,0.418,0.509,0.894,2.0,15.5,0.254,15,430,1250,0.344,0,4.176346319,0.229654195,4.104662381,0.498764596
160,2006,6,Dwyane Wade,SG,24,75,38.6,27.2,6.7,5.7,1.9,0.8,0.495,0.499,0.783,2.9,14.4,0.239,0,87,1250,0.07,0,5.960173551,3.917039938,5.753336549,3.834883975
161,2006,7,Elton Brand,PF,26,79,39.2,24.7,2.6,10.0,1.0,2.5,0.527,0.527,0.775,2.9,14.8,0.229,1,50,1250,0.04,0,5.563630607,1.75506106,5.743190745,1.804378852
162,2006,8,Tim Duncan,PF,29,80,34.8,18.6,3.2,11.0,0.9,2.0,0.484,0.485,0.629,2.7,10.8,0.187,0,33,1250,0.026,0,6.474248454,2.131933511,6.708360573,2.08153387
163,2006,9,Tony Parker,PG,23,80,33.9,18.9,5.8,3.3,1.0,0.1,0.548,0.553,0.707,2.0,9.6,0.169,0,9,1250,0.007,0,0.635312641,-0.702426503,1.297183977,-0.646712944
164,2006,10T,Allen Iverson,PG,30,72,43.1,33.0,7.4,3.2,1.9,0.1,0.447,0.467,0.814,1.7,10.6,0.165,0,1,1250,0.001,0,4.6792052,-0.960148217,4.84680719,-0.420584598
165,2006,10T,Shawn Marion,PF,27,81,40.3,21.8,1.8,11.8,2.0,1.7,0.525,0.56,0.809,2.8,14.6,0.214,0,1,1250,0.001,0,1.634274919,2.5289706,2.442489309,3.017237751
166,2007,1,Dirk Nowitzki,PF,28,78,36.2,24.6,3.4,8.9,0.7,0.8,0.502,0.529,0.904,2.2,16.3,0.278,83,1138,1290,0.882,1,2.169239609,1.030291006,2.558709989,1.427013554
167,2007,2,Steve Nash,PG,32,76,35.3,18.6,11.6,3.5,0.8,0.1,0.532,0.613,0.899,1.5,12.6,0.225,44,1013,1290,0.785,0,7.029865453,-1.873767018,6.812992527,-2.210569715
168,2007,3,Kobe Bryant,SG,28,77,40.8,31.6,5.4,5.7,1.4,0.5,0.463,0.502,0.868,2.7,13.0,0.199,2,521,1290,0.4039999999999999,0,3.346244469,-0.5236275,3.457525111,-0.395470048
169,2007,4,Tim Duncan,C,30,80,34.1,20.0,3.4,10.6,0.8,2.4,0.546,0.547,0.637,2.5,13.0,0.23,0,286,1290,0.222,0,2.729090662,3.926063327,3.008571958,3.244549285
170,2007,5,LeBron James,SF,22,78,40.9,27.3,6.0,6.7,1.6,0.7,0.476,0.507,0.698,2.2,13.7,0.206,0,183,1290,0.142,0,4.870715054,3.108084955,4.901035833,2.817517242
171,2007,6,Tracy McGrady,SG,27,71,35.8,24.6,6.5,5.3,1.3,0.5,0.431,0.474,0.707,1.9,8.6,0.163,0,110,1290,0.085,0,1.853804386,-0.796391222,1.765474221,-0.927778928
172,2007,7,Chris Bosh,C,22,69,38.5,22.6,2.5,10.7,0.6,1.3,0.496,0.502,0.785,2.4,9.6,0.174,0,43,1290,0.033,0,-2.060108503,0.644713147,-1.731457393,1.032194529
173,2007,8,Gilbert Arenas,PG,25,74,39.8,28.4,6.0,4.6,1.9,0.2,0.418,0.484,0.844,3.4,10.8,0.177,0,31,1290,0.024,0,6.172511025,0.066437618,6.715064766,0.870105064
174,2007,9T,Carlos Boozer,PF,25,74,34.6,20.9,3.0,11.7,0.9,0.3,0.561,0.561,0.685,2.9,9.9,0.185,0,7,1290,0.005,0,3.460882884,0.255894731,3.698374287,0.395056489
175,2007,9T,Kevin Garnett,PF,30,76,39.4,22.4,4.1,12.8,1.2,1.7,0.476,0.48,0.835,2.4,10.7,0.171,0,7,1290,0.005,0,2.169539081,3.643920186,2.240531539,3.38507517
176,2007,11,Chauncey Billups,PG,30,70,36.2,17.0,7.2,3.4,1.2,0.2,0.427,0.494,0.883,2.3,11.4,0.216,0,4,1290,0.003,0,5.151279065,-0.755074669,5.15346879,-0.452606963
177,2007,12T,Shaquille O'Neal,C,34,40,28.4,17.3,2.0,7.4,0.2,1.4,0.591,0.591,0.422,3.5,2.8,0.119,0,3,1290,0.002,0,-1.765356961,-2.215184529,-1.337309514,-2.296377826
178,2007,12T,Dwyane Wade,SG,25,51,37.9,27.4,7.5,4.7,2.1,1.2,0.491,0.502,0.807,2.3,8.8,0.219,0,3,1290,0.002,0,-1.896400104,-2.857742132,-1.537374177,-2.599153508
179,2007,14,Amar'e Stoudemire,C,24,82,32.8,20.4,1.0,9.6,1.0,1.3,0.575,0.575,0.781,3.6,11.2,0.201,0,2,1290,0.002,0,3.126127284,2.56126515,3.702078705,3.014872692
180,2007,15T,Carmelo Anthony,SF,22,65,38.2,28.9,3.8,6.0,1.2,0.4,0.476,0.489,0.808,3.1,7.3,0.14,0,1,1290,0.001,0,4.149846693,-1.475393587,4.073075844,-1.287314867
181,2007,15T,Baron Davis,PG,27,63,35.3,20.1,8.1,4.4,2.1,0.5,0.439,0.48,0.745,2.9,6.4,0.139,0,1,1290,0.001,0,7.886419097,3.013087176,8.096209531,3.578716873
182,2007,15T,Tony Parker,PG,24,77,32.5,18.6,5.5,3.2,1.1,0.1,0.52,0.527,0.783,1.8,9.6,0.185,0,1,1290,0.001,0,0.640225392,-0.785196285,0.959666275,-0.528765745
183,2008,1,Kobe Bryant,SG,29,82,38.9,28.3,5.4,6.3,1.8,0.5,0.459,0.503,0.84,2.8,13.8,0.208,82,1100,1260,0.873,1,6.857314953,0.771362893,7.257783435,1.013774936
184,2008,2,Chris Paul,PG,22,80,37.6,21.1,11.6,4.0,2.7,0.1,0.488,0.524,0.851,2.3,17.8,0.284,28,894,1260,0.71,0,11.04573823,0.217397204,11.1103661,1.668701628
185,2008,3,Kevin Garnett,PF,31,71,32.8,18.8,3.4,9.2,1.4,1.3,0.539,0.539,0.801,2.3,12.9,0.265,15,670,1260,0.532,0,2.50798828,4.392250156,2.782878993,4.132335486
186,2008,4,LeBron James,SF,23,75,40.4,30.0,7.2,7.9,1.8,1.1,0.484,0.518,0.712,2.2,15.2,0.242,1,438,1260,0.348,0,5.086609735,2.338969352,5.58105035,2.409631088
187,2008,5,Dwight Howard,C,22,82,37.7,20.7,1.3,14.2,0.9,2.1,0.599,0.599,0.59,3.3,12.9,0.2,0,60,1260,0.048,0,1.662380868,2.090369408,1.97175218,2.358118907
188,2008,6,Amar'e Stoudemire,C,25,79,33.9,25.2,1.5,9.1,0.8,2.1,0.59,0.592,0.805,3.7,14.6,0.262,0,27,1260,0.021,0,-1.406950357,1.325517548,-0.483431469,1.733914953
189,2008,7,Tim Duncan,C,31,78,34.0,19.3,2.8,11.3,0.7,1.9,0.497,0.497,0.73,2.4,11.1,0.201,0,25,1260,0.02,0,-0.432769918,5.099795757,0.03646413,4.914804384
190,2008,8,Tracy McGrady,SG,28,66,37.0,21.6,5.9,5.1,1.0,0.5,0.419,0.452,0.684,1.4,5.8,0.115,0,19,1260,0.015,0,2.924702474,2.246673952,3.17020811,1.971337762
191,2008,9,Steve Nash,PG,33,81,34.3,16.9,11.1,3.5,0.7,0.1,0.504,0.597,0.906,1.4,10.5,0.181,0,18,1260,0.0139999999999999,0,5.33878664,-1.636268184,5.028170528,-1.834613292
192,2008,10,Manu Ginobili,SG,30,74,31.1,19.5,4.5,4.8,1.5,0.4,0.46,0.54,0.86,2.3,11.1,0.232,0,9,1260,0.007,0,3.467432362,0.938877614,3.423250055,0.70997971
193,2008,11,Dirk Nowitzki,PF,29,77,36.0,23.6,3.5,8.6,0.7,0.9,0.479,0.51,0.879,2.6,12.9,0.223,0,5,1260,0.004,0,5.885444421,0.328364981,5.744899226,0.380598346
194,2008,12,Deron Williams,PG,23,82,37.3,18.8,10.5,3.0,1.1,0.3,0.507,0.544,0.803,2.4,11.3,0.177,0,4,1260,0.003,0,7.430590483,-1.436330894,7.232016118,-1.279688108
195,2008,13,Carmelo Anthony,SF,23,77,36.4,25.7,3.4,7.4,1.3,0.5,0.492,0.511,0.786,3.3,8.2,0.14,0,3,1260,0.002,0,-1.44427144,-2.684447768,-1.121018749,-2.308451337
196,2008,14T,Carlos Boozer,PF,26,81,34.9,21.1,2.9,10.4,1.2,0.5,0.547,0.547,0.738,3.6,10.2,0.173,0,1,1260,0.001,0,-1.547318651,-2.053919848,-0.968872861,-1.818184419
197,2008,14T,Antawn Jamison,PF,31,79,38.7,21.4,1.5,10.2,1.3,0.4,0.436,0.478,0.76,2.5,9.2,0.144,0,1,1260,0.001,0,-0.174306752,1.230270218,0.562303603,1.584984655
198,2008,14T,Paul Pierce,SF,30,80,35.9,19.6,4.5,5.1,1.3,0.5,0.464,0.529,0.843,2.5,12.4,0.207,0,1,1260,0.001,0,3.566998879,0.755653342,3.766573628,0.631895295
199,2008,14T,Rasheed Wallace,C,33,77,30.5,12.7,1.8,6.6,1.2,1.7,0.432,0.497,0.767,2.8,7.6,0.155,0,1,1260,0.001,0,-0.718524683,3.453135723,0.278883667,3.646894808
200,2009,1,LeBron James,SF,24,81,37.7,28.4,7.2,7.6,1.7,1.1,0.489,0.53,0.78,1.7,20.3,0.318,109,1172,1210,0.969,1,12.86923124,3.196452682,12.85514709,2.964757986
201,2009,2,Kobe Bryant,SG,30,82,36.1,26.8,4.9,5.2,1.5,0.5,0.467,0.502,0.856,2.3,12.7,0.206,2,698,1210,0.5770000000000001,0,7.285557393,1.796708322,7.46960269,1.982282089
202,2009,3,Dwyane Wade,SG,27,79,38.6,30.2,7.5,5.0,2.2,1.3,0.491,0.516,0.765,2.3,14.7,0.232,7,680,1210,0.562,0,5.772711756,0.570507131,5.931285222,0.5241335
203,2009,4,Dwight Howard,C,23,79,35.7,20.6,1.4,13.8,1.0,2.9,0.572,0.572,0.594,3.4,13.8,0.234,1,328,1210,0.271,0,2.130514517,3.549538608,2.167684689,3.634250185
204,2009,5,Chris Paul,PG,23,78,38.5,22.8,11.0,5.5,2.8,0.1,0.503,0.528,0.868,2.7,18.3,0.292,2,192,1210,0.159,0,0.284491662,-0.628322815,-0.061153905,-0.721160035
205,2009,6,Chauncey Billups,PG,32,79,35.3,17.7,6.4,3.0,1.2,0.2,0.418,0.501,0.913,2.0,10.1,0.174,0,33,1210,0.027,0,7.935562883,-0.969378978,7.712485273,-0.52039476
206,2009,7,Paul Pierce,SF,31,81,37.5,20.5,3.6,5.6,1.0,0.3,0.457,0.508,0.83,2.7,10.3,0.164,0,21,1210,0.017,0,0.67617639,0.635090536,0.695794118,0.500398481
207,2009,8,Tony Parker,PG,26,72,34.1,22.0,6.9,3.1,0.9,0.1,0.506,0.513,0.782,1.5,8.6,0.168,0,9,1210,0.007,0,4.990548755,-0.555376922,4.926817417,-0.34639991
208,2009,9,Brandon Roy,SG,24,78,37.2,22.6,5.1,4.7,1.1,0.3,0.48,0.512,0.824,1.6,13.5,0.223,0,7,1210,0.006,0,3.767506484,0.828491843,3.654001985,0.963133606
209,2009,10,Dirk Nowitzki,PF,30,81,37.7,25.9,2.4,8.4,0.8,0.8,0.479,0.498,0.89,2.2,10.9,0.171,0,3,1210,0.002,0,6.230873494,0.239895229,6.215931549,0.231886657
210,2009,11,Tim Duncan,C,32,75,33.7,19.3,3.5,10.7,0.5,1.7,0.504,0.504,0.692,2.3,10.1,0.191,0,2,1210,0.002,0,2.14617653,0.431981296,2.05272925,0.555632778
211,2009,12,Yao Ming,C,28,77,33.6,19.7,1.8,9.9,0.4,1.9,0.548,0.549,0.866,3.3,10.6,0.196,0,1,1210,0.001,0,1.088342465,4.115842425,0.667913869,3.711994348
212,2010,1,LeBron James,SF,25,76,39.0,29.7,8.6,7.3,1.6,1.0,0.503,0.545,0.767,1.6,18.5,0.299,116,1205,1230,0.98,1,7.287449913,2.466420335,7.410095897,2.263425496
213,2010,2,Kevin Durant,SF,21,82,39.5,30.1,2.8,7.6,1.4,1.0,0.476,0.514,0.9,2.1,16.1,0.238,4,609,1230,0.495,0,-0.08591608,0.771181117,0.338810089,0.212317226
214,2010,3,Kobe Bryant,SG,31,73,38.8,27.0,5.0,5.4,1.5,0.3,0.456,0.488,0.811,2.6,9.4,0.16,0,599,1230,0.487,0,6.403465361,1.06143909,6.751087434,1.067694515
215,2010,4,Dwight Howard,C,24,82,34.7,18.3,1.8,13.2,0.9,2.8,0.612,0.612,0.592,3.5,13.2,0.223,3,478,1230,0.389,0,-0.593328786,6.412632261,-0.0568886,5.570106497
216,2010,5,Dwyane Wade,SG,28,77,36.3,26.6,6.5,4.8,1.8,1.1,0.476,0.5,0.761,2.4,13.0,0.224,0,119,1230,0.097,0,8.16430122,1.222459726,7.488226201,1.301995849
217,2010,6,Carmelo Anthony,SF,25,69,38.2,28.2,3.2,6.6,1.3,0.4,0.458,0.478,0.83,3.3,7.9,0.145,0,65,1230,0.053,0,4.532255983,0.712255067,5.194361614,0.949966206
218,2010,7,Dirk Nowitzki,PF,31,81,37.5,25.0,2.7,7.7,0.9,1.0,0.481,0.498,0.915,2.6,12.3,0.194,0,55,1230,0.045,0,5.601095624,0.701325527,4.903101978,0.726604564
219,2010,8,Steve Nash,PG,35,81,32.8,16.5,11.0,3.3,0.5,0.1,0.507,0.57,0.938,1.3,9.9,0.178,0,49,1230,0.04,0,7.450495351,-2.411477997,7.209035602,-3.064803855
220,2010,9,Deron Williams,PG,25,76,36.9,18.7,10.5,4.0,1.3,0.2,0.469,0.515,0.801,2.7,10.3,0.177,0,7,1230,0.006,0,8.240027617,-0.955894336,8.150966133,-0.605213572
221,2010,10,Amar'e Stoudemire,PF,27,82,34.6,23.1,1.0,8.9,0.6,1.0,0.557,0.557,0.771,3.4,10.7,0.181,0,5,1230,0.004,0,1.992226638,-0.817805693,2.574862655,-0.506021669
222,2010,11,Manu Ginobili,SG,32,75,28.7,16.5,4.9,3.8,1.4,0.3,0.441,0.514,0.87,2.1,9.7,0.216,0,3,1230,0.002,0,4.809125922,2.660172502,5.153800927,3.143157145
223,2010,12T,Chauncey Billups,PG,33,73,34.1,19.5,5.6,3.1,1.1,0.1,0.418,0.499,0.91,2.1,9.5,0.182,0,1,1230,0.001,0,4.673799008,-1.910784997,4.893210739,-1.63712981
224,2010,12T,Chris Bosh,C,25,70,36.1,24.0,2.4,10.8,0.6,1.0,0.518,0.522,0.797,2.4,9.6,0.182,0,1,1230,0.001,0,2.463299654,-0.350230657,2.754176822,-0.241048038
225,2010,12T,Stephen Jackson,SG-PF,31,81,38.6,20.6,3.7,5.0,1.6,0.5,0.423,0.469,0.779,2.4,5.0,0.077,0,1,1230,0.001,0,-2.453472777,-0.166356455,-1.879934119,-0.223832817
226,2010,12T,Joe Johnson,SG,28,76,38.0,21.3,4.9,4.6,1.1,0.1,0.458,0.505,0.818,1.9,8.4,0.14,0,1,1230,0.001,0,1.22659631,-2.606968834,1.404134223,-2.259845899
227,2011,1,Derrick Rose,PG,22,81,37.4,25.0,7.7,4.1,1.0,0.6,0.445,0.485,0.858,1.7,13.1,0.208,113,1182,1210,0.977,1,4.597244245,-0.003170909,5.16530549,0.218335291
228,2011,2,Dwight Howard,C,25,78,37.6,22.9,1.4,14.1,1.4,2.4,0.593,0.593,0.596,3.3,14.4,0.235,3,643,1210,0.531,0,0.800383015,3.172383235,0.578760949,2.571780707
229,2011,3,LeBron James,SF,26,79,38.8,26.7,7.0,7.5,1.6,0.6,0.51,0.541,0.759,2.1,15.6,0.244,4,522,1210,0.431,0,4.892355653,1.844414922,5.193906271,2.013055372
230,2011,4,Kobe Bryant,SG,32,82,33.9,25.3,4.7,5.1,1.2,0.1,0.451,0.487,0.828,2.1,10.3,0.178,1,428,1210,0.354,0,2.648672597,-0.830863057,3.242316089,-0.595404345
231,2011,5,Kevin Durant,SF,22,78,38.9,27.7,2.7,6.8,1.1,1.0,0.462,0.509,0.88,2.0,12.0,0.189,0,190,1210,0.157,0,5.964868237,-0.270598904,6.238442743,0.189984048
232,2011,6,Dirk Nowitzki,PF,32,73,34.3,23.0,2.6,7.0,0.5,0.6,0.517,0.545,0.892,2.4,11.1,0.213,0,113,1210,0.093,0,4.835353039,1.808087678,5.078516817,1.19096646
233,2011,7,Dwyane Wade,SG,29,76,37.1,25.5,4.6,6.4,1.5,1.1,0.5,0.523,0.758,2.6,12.8,0.218,0,24,1210,0.02,0,5.863750874,1.44643769,5.877634752,1.585624786
234,2011,8,Manu Ginobili,SG,33,80,30.3,17.4,4.9,3.7,1.5,0.4,0.433,0.509,0.871,2.0,9.9,0.195,0,20,1210,0.017,0,4.472937035,3.243721855,4.906795633,3.324249722
235,2011,9,Amar'e Stoudemire,C,28,78,36.8,25.3,2.6,8.2,0.9,1.9,0.502,0.505,0.792,3.5,8.0,0.134,0,9,1210,0.007,0,-5.141210582,-3.745322309,-4.773450078,-3.153679077
236,2011,10T,Blake Griffin,PF,21,82,38.0,22.5,3.8,12.1,0.8,0.5,0.506,0.508,0.642,3.1,9.8,0.152,0,5,1210,0.004,0,1.684324409,0.411364967,1.641411443,0.69227674
237,2011,10T,Rajon Rondo,PG,24,68,37.2,10.6,11.2,4.4,2.3,0.2,0.475,0.482,0.568,1.8,6.6,0.126,0,5,1210,0.004,0,1.606209655,-0.049572222,1.376607969,-0.126536568
238,2011,12,Tony Parker,PG,28,78,32.4,17.5,6.6,3.1,1.2,0.0,0.519,0.531,0.769,1.7,8.2,0.156,0,3,1210,0.002,0,-0.83994255,0.096895168,-0.740388033,0.033692951
239,2011,13,Chris Paul,PG,25,80,36.0,15.9,9.8,4.1,2.4,0.1,0.463,0.502,0.878,2.5,13.9,0.232,0,2,1210,0.002,0,9.807148239,0.694809485,9.255143695,0.744913588
240,2012,1,LeBron James,SF,27,62,37.5,27.1,6.2,7.9,1.9,0.8,0.531,0.554,0.771,1.5,14.5,0.298,85,1074,1210,0.888,1,8.654994478,2.16645854,8.982887611,2.047874052
241,2012,2,Kevin Durant,SF,23,66,38.6,28.0,3.5,8.0,1.3,1.2,0.496,0.547,0.86,2.0,12.2,0.23,24,889,1210,0.735,0,7.085524281,-0.379417306,7.368818941,-0.322904136
242,2012,3,Chris Paul,PG,26,60,36.4,19.8,9.1,3.6,2.5,0.1,0.478,0.522,0.861,2.3,12.7,0.278,6,385,1210,0.318,0,3.102381531,1.253196975,3.54780084,1.919488918
243,2012,4,Kobe Bryant,SG,33,58,38.5,27.9,4.6,5.4,1.2,0.3,0.43,0.462,0.845,1.8,6.2,0.132,2,352,1210,0.291,0,4.929736372,-0.66208769,5.151285303,-0.20856191
244,2012,5,Tony Parker,PG,29,60,32.1,18.3,7.7,2.9,1.0,0.1,0.48,0.488,0.799,1.3,7.1,0.177,4,331,1210,0.2739999999999999,0,2.874391834,1.391229974,3.124409887,1.312562103
245,2012,6,Kevin Love,PF,23,55,39.0,26.0,2.0,13.3,0.9,0.5,0.448,0.497,0.824,2.8,10.0,0.223,0,58,1210,0.048,0,5.148193527,-0.121748892,5.297640155,0.579650198
246,2012,7,Dwight Howard,C,26,54,38.3,20.6,1.9,14.5,1.5,2.1,0.573,0.573,0.491,2.9,7.7,0.179,0,13,1210,0.011,0,-0.298883,4.690059134,0.287981091,4.638162591
247,2012,8,Rajon Rondo,PG,25,53,36.9,11.9,11.7,4.8,1.8,0.1,0.448,0.456,0.597,1.9,4.9,0.121,0,12,1210,0.01,0,4.964001248,1.97883075,4.938707952,2.257902528
248,2012,9,Steve Nash,PG,37,62,31.6,12.5,10.7,3.0,0.6,0.1,0.532,0.581,0.894,0.9,5.9,0.144,0,7,1210,0.006,0,5.021989062,-1.205816978,4.408024782,-1.889583593
249,2012,10,Dwyane Wade,SG,30,49,33.2,22.1,4.6,4.8,1.7,1.3,0.497,0.506,0.791,2.2,7.7,0.227,0,6,1210,0.005,0,3.394941729,2.344086224,3.848085135,2.389765593
250,2012,11,Derrick Rose,PG,23,39,35.3,21.8,7.9,3.4,0.9,0.7,0.435,0.473,0.812,1.3,6.0,0.211,0,5,1210,0.004,0,4.172854584,0.513101003,4.855612501,-0.115313854
251,2012,12T,Dirk Nowitzki,PF,33,62,33.5,21.6,2.2,6.7,0.7,0.5,0.457,0.495,0.896,2.1,7.6,0.175,0,4,1210,0.003,0,2.846017048,-0.411147715,2.613264022,-0.508994015
252,2012,12T,Russell Westbrook,PG,23,66,35.3,23.6,5.5,4.6,1.7,0.3,0.457,0.481,0.823,2.2,7.9,0.163,0,4,1210,0.003,0,5.199626123,-0.229756503,5.799864981,0.250155306
253,2012,14,Tim Duncan,C,35,58,28.2,15.4,2.3,9.0,0.7,1.5,0.492,0.492,0.695,1.7,5.9,0.174,0,3,1210,0.002,0,1.48463358,4.865412341,1.912126594,4.463818628
254,2012,15,Joe Johnson,SG,30,60,35.5,18.8,3.9,3.7,0.8,0.2,0.454,0.521,0.849,1.3,6.4,0.145,0,1,1210,0.001,0,-0.429154099,0.898733179,-0.156730186,1.238758767
255,2013,1,LeBron James,PF,28,76,37.9,26.8,7.3,8.0,1.7,0.9,0.565,0.603,0.753,1.4,19.3,0.322,120,1207,1210,0.998,1,7.582690474,1.196968636,8.14440328,1.249117717
256,2013,2,Kevin Durant,SF,24,81,38.5,28.1,4.6,7.9,1.4,1.3,0.51,0.559,0.905,1.8,18.9,0.291,0,765,1210,0.632,0,5.292387598,1.10916439,5.548912609,0.959515213
257,2013,3,Carmelo Anthony,PF,28,67,37.0,28.7,2.6,6.9,0.8,0.5,0.449,0.502,0.83,3.1,9.5,0.184,1,475,1210,0.3929999999999999,0,-0.495040286,-1.245199437,0.275917102,-0.637938395
258,2013,4,Chris Paul,PG,27,70,33.4,16.9,9.7,3.7,2.4,0.1,0.481,0.526,0.885,2.0,13.9,0.287,0,289,1210,0.239,0,9.867655662,-0.280139744,9.752914956,0.939707344
259,2013,5,Kobe Bryant,SG,34,78,38.6,27.3,6.0,5.6,1.4,0.3,0.463,0.504,0.839,2.2,10.9,0.174,0,184,1210,0.152,0,4.942640271,-0.860711908,4.885836913,-0.567189954
260,2013,6,Tony Parker,PG,30,66,32.9,20.3,7.6,3.0,0.8,0.1,0.522,0.534,0.845,1.4,9.3,0.206,0,86,1210,0.071,0,3.095443174,0.932199441,3.277506786,0.871374428
261,2013,7,Tim Duncan,C,36,69,30.1,17.8,2.7,9.9,0.7,2.7,0.502,0.503,0.817,1.7,8.3,0.191,0,65,1210,0.054,0,0.064813219,4.141090462,0.566695012,3.679889321
262,2013,8,James Harden,SG,23,78,38.3,25.9,5.8,4.9,1.8,0.5,0.438,0.504,0.851,2.3,12.8,0.206,0,33,1210,0.027,0,2.662132098,0.391722409,3.270679592,0.753932754
263,2013,9,Russell Westbrook,PG,24,82,34.9,23.2,7.4,5.2,1.8,0.3,0.438,0.47,0.8,2.3,11.6,0.195,0,9,1210,0.007,0,3.14850806,4.732314619,4.287841869,4.687953904
264,2013,10,Dwyane Wade,SG,31,69,34.7,21.2,5.1,5.0,1.9,0.8,0.521,0.528,0.725,2.0,9.6,0.192,0,5,1210,0.004,0,1.283405322,1.72657377,1.628070373,1.542618369
265,2013,11,Stephen Curry,PG,24,78,38.2,22.9,6.9,4.0,1.6,0.2,0.451,0.549,0.9,2.5,11.2,0.18,0,3,1210,0.002,0,5.760775331,0.504513375,6.291005686,1.110911825
266,2013,12T,Kevin Garnett,C,36,68,29.7,14.8,2.3,7.8,1.1,0.9,0.496,0.498,0.786,2.3,5.6,0.133,0,1,1210,0.001,0,-3.152482775,7.051527966,-3.428540225,6.327356898
267,2013,12T,Marc Gasol,C,28,80,35.0,14.1,4.0,7.8,1.0,1.7,0.494,0.494,0.848,3.2,11.5,0.197,0,1,1210,0.001,0,0.50278744,4.100529318,0.616997321,3.963193794
268,2013,12T,Ty Lawson,PG,25,73,34.4,16.7,6.9,2.7,1.5,0.1,0.461,0.505,0.756,1.8,7.4,0.141,0,1,1210,0.001,0,4.305854798,-1.422171577,4.159389965,-0.662798848
269,2013,12T,David Lee,PF,29,79,36.8,18.5,3.5,11.2,0.8,0.3,0.519,0.519,0.797,3.1,9.1,0.15,0,1,1210,0.001,0,-4.636004693,3.137677773,-4.089059504,1.577556976
270,2013,12T,Joakim Noah,C,27,66,36.8,11.9,4.0,11.1,1.2,2.1,0.481,0.481,0.751,2.8,7.3,0.145,0,1,1210,0.001,0,-1.800817326,1.999573872,-1.64557289,1.905000181
271,2014,1,Kevin Durant,SF,25,81,38.5,32.0,5.5,7.4,1.3,0.7,0.503,0.56,0.873,2.1,19.2,0.295,119,1232,1250,0.986,1,5.100956035,0.476645635,4.351626224,0.432516259
272,2014,2,LeBron James,PF,29,77,37.7,27.1,6.3,6.9,1.6,0.3,0.567,0.61,0.75,1.6,15.9,0.264,6,891,1250,0.713,0,6.88992357,0.823548128,7.575597083,0.682746982
273,2014,3,Blake Griffin,PF,24,80,35.8,24.1,3.9,9.5,1.2,0.6,0.528,0.533,0.715,3.3,12.2,0.205,0,434,1250,0.347,0,3.689014895,0.769263128,4.377860413,1.000413485
274,2014,4,Joakim Noah,C,28,80,35.3,12.6,5.4,11.3,1.2,1.5,0.475,0.475,0.737,3.1,11.2,0.19,0,322,1250,0.258,0,-2.796664787,5.318852069,-1.213514676,4.435792913
275,2014,5,James Harden,SG,24,73,38.0,25.4,6.1,4.7,1.6,0.4,0.456,0.529,0.866,2.4,12.8,0.221,0,85,1250,0.068,0,8.043794468,1.921200716,3.546221114,3.515561036
276,2014,6,Stephen Curry,PG,25,78,36.5,24.0,8.5,4.3,1.6,0.2,0.471,0.566,0.885,2.5,13.4,0.225,0,66,1250,0.053,0,9.203973843,1.160618099,6.850555728,1.599641172
277,2014,7,Chris Paul,PG,28,62,35.0,19.1,10.7,4.3,2.5,0.1,0.467,0.511,0.855,2.5,12.2,0.27,0,45,1250,0.036,0,10.56206473,2.6584793,9.694797108,3.619653087
278,2014,8,Al Jefferson,C,29,73,35.0,21.8,2.1,10.8,0.9,1.1,0.509,0.51,0.69,2.4,7.8,0.146,0,34,1250,0.027,0,-2.625030219,3.270330039,-3.864306252,3.843515843
279,2014,9,Paul George,SF,23,80,36.2,21.7,3.5,6.8,1.9,0.3,0.424,0.49,0.864,2.5,10.8,0.178,0,33,1250,0.026,0,4.230198189,3.356807129,3.294858003,3.523227546
280,2014,10,LaMarcus Aldridge,PF,28,69,36.2,23.2,2.6,11.1,0.9,1.0,0.458,0.459,0.822,2.1,7.5,0.144,0,26,1250,0.021,0,3.124992952,2.891644542,2.415939589,2.88062395
281,2014,11,Kevin Love,PF,25,77,36.3,26.1,4.4,12.5,0.8,0.5,0.457,0.524,0.821,1.8,14.3,0.245,0,25,1250,0.02,0,5.681616554,0.884102594,5.988344167,1.029530669
282,2014,12T,Tim Duncan,C,37,74,29.2,15.1,3.0,9.7,0.6,1.9,0.49,0.49,0.731,1.8,7.4,0.164,0,21,1250,0.017,0,1.810525166,1.946275497,-0.117598086,2.811721905
283,2014,12T,Tony Parker,PG,31,68,29.4,16.7,5.7,2.3,0.5,0.1,0.499,0.513,0.811,1.3,5.9,0.141,0,21,1250,0.017,0,0.619718924,-0.775825801,-1.30074008,-0.287186914
284,2014,14,Dirk Nowitzki,PF,35,80,32.9,21.7,2.7,6.2,0.9,0.6,0.497,0.549,0.899,2.1,10.9,0.199,0,7,1250,0.006,0,-0.671563181,-0.803654948,4.340949635,0.197883904
285,2014,15,Carmelo Anthony,PF,29,77,38.7,27.4,3.1,8.1,1.2,0.7,0.452,0.503,0.848,2.9,10.7,0.172,0,4,1250,0.003,0,4.174904921,-0.390214473,4.665614182,-0.402147248
286,2014,16,Goran Dragic,SG,27,76,35.1,20.3,5.9,3.2,1.4,0.3,0.505,0.561,0.76,2.7,10.3,0.186,0,3,1250,0.002,0,4.826053679,0.191101625,4.465946486,0.681530218
287,2014,17,Mike Conley,PG,26,73,33.5,17.2,6.0,2.9,1.5,0.2,0.45,0.5,0.815,1.9,8.2,0.161,0,1,1250,0.001,0,0.603245289,-1.288628291,-0.364085964,0.435008549
288,2015,1,Stephen Curry,PG,26,80,32.7,23.8,7.7,4.3,2.0,0.2,0.487,0.594,0.914,2.0,15.7,0.288,100,1198,1300,0.922,1,5.713214993,3.025837125,5.347107526,2.556066992
289,2015,2,James Harden,SG,25,81,36.8,27.4,7.0,5.7,1.9,0.7,0.44,0.511,0.868,2.6,16.4,0.265,25,936,1300,0.72,0,7.999180069,-1.564680386,6.279289242,-1.033938151
290,2015,3,LeBron James,SF,30,69,36.1,25.3,7.4,6.0,1.6,0.7,0.488,0.535,0.71,2.0,10.4,0.199,5,552,1300,0.425,0,3.607665742,1.050525575,6.00038707,0.844437355
291,2015,4,Russell Westbrook,PG,26,67,34.4,28.1,8.6,7.3,2.1,0.2,0.426,0.455,0.835,2.7,10.6,0.222,0,352,1300,0.271,0,6.093559789,-0.487868576,6.239868745,-0.201795156
292,2015,5,Anthony Davis,PF,21,68,36.1,24.4,2.2,10.2,1.5,2.9,0.535,0.536,0.805,2.1,14.0,0.274,0,203,1300,0.156,0,-2.851574911,7.21897428,3.360573744,6.74199531
293,2015,6,Chris Paul,PG,29,82,34.8,19.1,10.2,4.6,1.9,0.2,0.485,0.545,0.9,2.5,16.1,0.27,0,124,1300,0.095,0,8.683156963,2.454048243,8.622448736,1.785849096
294,2015,7,LaMarcus Aldridge,PF,29,71,35.4,23.4,1.7,10.2,0.7,1.0,0.466,0.479,0.845,1.8,8.6,0.165,0,6,1300,0.005,0,0.527665053,-1.282007228,1.177542892,-2.461053412
295,2015,8T,Marc Gasol,C,30,81,33.2,17.4,3.8,7.8,0.9,1.6,0.494,0.496,0.795,2.6,10.2,0.182,0,3,1300,0.002,0,0.790523509,5.270215969,2.512831245,5.363802373
296,2015,8T,Blake Griffin,PF,25,67,35.2,21.9,5.3,7.6,0.9,0.5,0.502,0.506,0.728,2.9,9.0,0.183,0,3,1300,0.002,0,3.514118019,3.700731041,4.025656786,3.173215977
297,2015,10T,Tim Duncan,C,38,77,28.9,13.9,3.0,9.1,0.8,2.0,0.512,0.513,0.74,2.1,9.6,0.207,0,1,1300,0.001,0,5.202514017,2.655096235,2.402627896,6.264576819
298,2015,10T,Kawhi Leonard,SF,23,64,31.8,16.5,2.5,7.2,2.3,0.8,0.479,0.52,0.802,2.0,8.6,0.204,0,1,1300,0.001,0,1.393190339,1.408790318,-2.047439761,3.299555407
299,2015,10T,Klay Thompson,SG,24,77,31.9,21.7,2.9,3.2,1.1,0.8,0.463,0.555,0.879,1.6,8.8,0.172,0,1,1300,0.001,0,2.917361098,-1.149998188,2.525628047,-1.302478162
300,2016,1,Stephen Curry,PG,27,79,34.2,30.1,6.7,5.4,2.1,0.2,0.504,0.63,0.908,2.0,17.9,0.318,131,1310,1310,1.0,1,7.233372996,-0.985195143,5.480702255,0.115619902
301,2016,2,Kawhi Leonard,SF,24,72,33.1,21.2,2.6,6.8,1.8,1.0,0.506,0.565,0.874,1.8,13.7,0.277,0,634,1310,0.484,0,6.030351461,2.190845032,3.337059106,4.659681202
302,2016,3,LeBron James,SF,31,76,35.6,25.3,6.8,7.4,1.4,0.6,0.52,0.551,0.731,1.9,13.6,0.242,0,631,1310,0.482,0,5.471713582,5.083206793,7.235016368,4.919773948
303,2016,4,Russell Westbrook,PG,27,80,34.4,23.5,10.4,7.8,2.0,0.3,0.454,0.489,0.812,2.5,14.0,0.245,0,486,1310,0.371,0,7.560176212,-0.176729144,10.16590807,1.198728353
304,2016,5,Kevin Durant,SF,27,72,35.8,28.2,5.0,8.2,1.0,1.2,0.505,0.573,0.898,1.9,14.5,0.27,0,147,1310,0.1119999999999999,0,2.762822974,-0.097776357,6.087921499,-0.154366868
305,2016,6,Chris Paul,PG,30,74,32.7,19.5,10.0,4.2,2.1,0.2,0.462,0.517,0.896,2.5,12.7,0.253,0,107,1310,0.082,0,12.1137021,2.282592641,4.243930289,3.514971417
306,2016,7,Draymond Green,PF,25,81,34.7,14.0,7.4,9.5,1.5,1.4,0.49,0.551,0.696,3.0,11.1,0.19,0,50,1310,0.038,0,3.208355875,6.117701766,2.280836918,7.885406303
307,2016,8,Damian Lillard,PG,25,75,35.7,25.1,6.8,4.0,0.9,0.4,0.419,0.497,0.892,2.2,9.2,0.165,0,26,1310,0.02,0,4.168010916,-2.782165319,5.379347057,-1.839667196
308,2016,9,James Harden,SG,26,82,38.1,29.0,7.5,6.1,1.7,0.6,0.439,0.512,0.86,2.8,13.3,0.204,0,9,1310,0.007,0,3.996360351,-2.209314088,2.905219958,0.534004121
309,2016,10,Kyle Lowry,PG,29,77,37.0,21.2,6.4,4.7,2.1,0.4,0.427,0.516,0.811,2.7,11.6,0.196,0,6,1310,0.005,0,4.561117927,1.10575058,4.846198595,1.495431168
310,2017,1,Russell Westbrook,PG,28,81,34.6,31.6,10.4,10.7,1.6,0.4,0.425,0.476,0.845,2.3,13.1,0.224,69,888,1010,0.879,1,7.612636312,3.75589015,6.179534851,3.720015059
311,2017,2,James Harden,PG,27,81,36.4,29.1,11.2,8.1,1.5,0.5,0.44,0.525,0.847,2.7,15.0,0.245,22,753,1010,0.746,0,3.012885744,4.093092384,4.787036343,3.744260904
312,2017,3,Kawhi Leonard,SF,25,74,33.4,25.5,3.5,5.8,1.8,0.7,0.485,0.541,0.88,1.6,13.6,0.264,9,500,1010,0.495,0,11.55531492,3.736850314,10.39817073,3.696566809
313,2017,4,LeBron James,SF,32,74,37.8,26.4,8.7,8.6,1.2,0.6,0.548,0.594,0.674,1.8,12.9,0.221,1,333,1010,0.33,0,9.45240846,2.829522124,9.991900151,3.431383643
314,2017,5,Isaiah Thomas,PG,27,76,33.8,28.9,5.9,2.7,0.9,0.2,0.463,0.546,0.909,2.2,12.5,0.234,0,81,1010,0.08,0,3.280009475,-1.604897065,2.590292061,-2.31056448
315,2017,6,Stephen Curry,PG,28,79,33.4,25.3,6.6,4.5,1.8,0.2,0.468,0.58,0.898,2.3,12.6,0.229,0,52,1010,0.051,0,12.20103463,0.378055481,11.63803352,0.742001761
316,2017,7T,Giannis Antetokounmpo,SF,22,80,35.6,22.9,5.4,8.8,1.6,1.9,0.521,0.541,0.77,3.1,12.4,0.21,0,7,1010,0.007,0,3.526132619,3.544985742,0.429772766,4.07751115
317,2017,7T,John Wall,PG,26,78,36.4,23.1,10.7,4.2,2.0,0.6,0.451,0.482,0.801,1.9,8.8,0.149,0,7,1010,0.007,0,5.427922102,-5.075238312,4.474937694,-5.479153613
318,2017,9T,Anthony Davis,C,23,75,36.1,28.0,2.1,11.8,1.3,2.2,0.505,0.518,0.802,2.2,11.0,0.195,0,2,1010,0.002,0,0.581632221,4.449178164,0.996587349,3.822936391
319,2017,9T,Kevin Durant,PF,28,62,33.4,25.1,4.8,8.3,1.1,1.6,0.537,0.594,0.875,1.9,12.0,0.278,0,2,1010,0.002,0,8.949808113,-1.035271113,8.886734585,-0.739973297
320,2017,11,DeMar DeRozan,SG,27,74,35.4,27.3,3.9,5.2,1.1,0.2,0.467,0.477,0.842,1.8,9.0,0.166,0,1,1010,0.001,0,-0.820729468,-1.004911168,-3.754960268,-0.672063064
321,2018,1,James Harden,SG,28,72,35.4,30.4,8.8,5.4,1.8,0.7,0.449,0.541,0.858,2.3,15.4,0.289,86,965,1010,0.955,1,7.167760337,2.01291327,7.430627101,3.869322526
322,2018,2,LeBron James,PF,33,82,36.9,27.5,9.1,8.6,1.4,0.9,0.542,0.59,0.731,1.7,14.0,0.221,15,738,1010,0.731,0,9.179821312,-1.55652757,9.593218562,-1.906694673
323,2018,3,Anthony Davis,PF,24,75,36.4,28.1,2.3,11.1,1.5,2.6,0.534,0.552,0.828,2.1,13.7,0.241,0,445,1010,0.441,0,-0.791646455,5.285749599,1.864793028,6.132713198
324,2018,4,Damian Lillard,PG,27,73,36.6,26.9,6.6,4.5,1.1,0.4,0.439,0.519,0.916,1.6,12.6,0.227,0,207,1010,0.205,0,-1.635597319,-6.412355202,-0.895160895,-6.247369328
325,2018,5,Russell Westbrook,PG,29,80,36.4,25.4,10.3,10.1,1.8,0.3,0.449,0.477,0.737,2.5,10.1,0.166,0,76,1010,0.075,0,-2.224039465,-1.976024582,2.912268179,-2.262889127
326,2018,6,Giannis Antetokounmpo,PF,23,75,36.7,26.9,4.8,10.0,1.5,1.4,0.529,0.545,0.76,3.1,11.9,0.207,0,75,1010,0.074,0,4.671863552,0.082586234,7.142995441,-0.874950872
327,2018,7,Kevin Durant,SF,29,68,34.2,26.4,5.4,6.8,0.7,1.8,0.516,0.586,0.889,2.0,10.4,0.215,0,66,1010,0.065,0,6.93692076,1.095196588,6.960358973,0.679748321
328,2018,8,DeMar DeRozan,SG,28,80,33.9,23.0,5.2,3.9,1.1,0.3,0.456,0.488,0.825,1.9,9.6,0.17,0,32,1010,0.032,0,-0.317887867,-6.133955026,-3.077053906,-6.021334888
329,2018,9,LaMarcus Aldridge,C,32,75,33.5,23.1,2.0,8.5,0.6,1.2,0.51,0.52,0.837,2.1,10.9,0.209,0,6,1010,0.006,0,2.303155434,0.265826789,2.228485865,0.038569156
330,2018,10T,Jimmy Butler,SG,28,59,36.7,22.2,4.9,5.3,2.0,0.4,0.474,0.512,0.854,1.3,8.9,0.198,0,5,1010,0.005,0,7.286401323,3.967390509,5.820561558,4.332382473
331,2018,10T,Stephen Curry,PG,29,51,32.0,26.4,6.1,5.1,1.6,0.2,0.495,0.618,0.921,2.2,9.1,0.267,0,5,1010,0.005,0,4.549631445,3.102968969,4.587357195,3.871742972
332,2018,12,Joel Embiid,C,23,63,30.3,22.9,3.2,11.0,0.6,1.8,0.483,0.514,0.769,3.3,6.2,0.155,0,4,1010,0.004,0,-0.637857854,7.480920374,3.515518548,4.727697321
333,2018,13,Victor Oladipo,SG,25,75,34.0,23.1,4.3,5.2,2.4,0.8,0.477,0.537,0.799,2.3,8.2,0.155,0,2,1010,0.002,0,4.530646697,9.85808943,0.810835935,9.521872634
334,2019,1,Giannis Antetokounmpo,PF,24,72,32.8,27.7,5.9,12.5,1.3,1.5,0.578,0.599,0.729,3.2,14.4,0.292,78,941,1010,0.932,1,2.449745603,4.612899194,4.489336442,4.141307529
335,2019,2,James Harden,PG,29,78,36.8,36.1,7.5,6.6,2.0,0.7,0.442,0.541,0.879,3.1,15.2,0.254,23,776,1010,0.768,0,7.885547002,1.336647136,11.08266513,3.011379871
336,2019,3,Paul George,SF,28,77,36.9,28.0,4.1,8.2,2.2,0.4,0.438,0.529,0.839,2.8,11.9,0.201,0,356,1010,0.352,0,5.580623808,10.18931174,1.109721399,10.18313863
337,2019,4,Nikola Jokic,C,23,80,31.3,20.1,7.3,10.8,1.4,0.7,0.511,0.545,0.821,2.9,11.8,0.226,0,212,1010,0.21,0,8.147190395,6.929839055,4.970388184,6.595480232
338,2019,5,Stephen Curry,PG,30,69,33.8,27.3,5.2,5.3,1.3,0.4,0.472,0.604,0.916,2.4,9.7,0.199,0,175,1010,0.173,0,7.586490854,-0.859969932,6.882926378,-0.025825714
339,2019,6,Damian Lillard,PG,28,80,35.5,25.8,6.9,4.6,1.1,0.4,0.444,0.522,0.912,1.9,12.1,0.205,0,69,1010,0.068,0,4.509773288,-2.471215905,4.975563917,-1.823961893
340,2019,7,Joel Embiid,C,24,64,33.7,27.5,3.7,13.6,0.7,1.9,0.484,0.517,0.804,3.3,8.7,0.194,0,49,1010,0.049,0,3.080413958,13.32604053,3.88931484,10.77587947
341,2019,8,Kevin Durant,SF,30,78,34.6,26.0,5.9,6.4,0.7,1.1,0.521,0.571,0.885,2.0,11.5,0.204,0,25,1010,0.025,0,6.79045928,-0.035327758,4.990915873,-0.346569494
342,2019,9,Kawhi Leonard,SF,27,60,34.0,26.6,3.3,7.3,1.8,0.4,0.496,0.546,0.854,1.5,9.5,0.224,0,13,1010,0.013,0,7.980569587,1.427303161,8.518515427,2.269252196
343,2019,10,Russell Westbrook,PG,30,73,36.0,22.9,10.7,11.1,1.9,0.5,0.428,0.468,0.656,3.4,6.8,0.124,0,8,1010,0.008,0,0.345496373,-11.84413612,-3.015480246,-10.49991088
344,2019,11T,Rudy Gobert,C,26,81,31.8,15.9,2.0,12.9,0.8,2.3,0.669,0.669,0.636,2.9,14.4,0.268,0,1,1010,0.001,0,-2.08607163,-1.094174239,-4.053416701,-0.122583526
345,2019,11T,LeBron James,SF,34,55,35.2,27.4,8.3,8.5,1.3,0.6,0.51,0.56,0.665,1.7,7.2,0.179,0,1,1010,0.001,0,5.413270187,0.164745304,4.408912545,-0.104033404
346,2020,1,Giannis Antetokounmpo,PF,25,63,30.4,29.5,5.6,13.6,1.0,1.0,0.553,0.589,0.633,3.1,11.1,0.279,85,962,1010,0.952,1,4.437712242,0.348085195,1.205823234,-0.857329641
347,2020,2,LeBron James,PG,35,67,34.6,25.3,10.2,7.8,1.2,0.5,0.493,0.55,0.693,1.8,9.8,0.204,16,753,1010,0.746,0,7.071939568,3.185815329,3.133751283,3.468542079
348,2020,3,James Harden,SG,30,68,36.5,34.3,7.5,6.6,1.8,0.9,0.444,0.543,0.865,3.3,13.1,0.254,0,367,1010,0.363,0,7.003389946,3.560710394,5.737836881,5.282383742
349,2020,4,Luka Doncic,PG,20,61,33.6,28.8,8.8,9.4,1.0,0.2,0.463,0.531,0.758,2.5,8.8,0.207,0,200,1010,0.198,0,4.849688912,-1.372219886,4.581433331,-1.229366464
350,2020,5,Kawhi Leonard,SF,28,57,32.4,27.1,4.9,7.1,1.8,0.6,0.47,0.524,0.886,2.0,8.7,0.226,0,168,1010,0.166,0,6.065476169,3.15661752,1.62156289,5.23683588
351,2020,6,Anthony Davis,PF,26,62,34.4,26.1,3.2,9.3,1.5,2.3,0.503,0.536,0.846,2.5,11.1,0.25,0,82,1010,0.081,0,6.364603939,6.116423017,2.611385144,6.692487728
352,2020,7,Chris Paul,PG,34,70,31.5,17.6,6.7,5.0,1.6,0.2,0.489,0.552,0.907,2.3,8.9,0.193,0,26,1010,0.026,0,1.688650998,-5.723074591,-1.258838352,-5.318376572
353,2020,8,Damian Lillard,PG,29,66,37.5,30.0,8.0,4.3,1.1,0.3,0.463,0.563,0.888,1.7,11.6,0.225,0,23,1010,0.023,0,0.021971983,2.193539374,2.028728125,-0.148032213
354,2020,9,Nikola Jokic,C,24,73,32.0,19.9,7.0,9.7,1.2,0.6,0.528,0.565,0.817,3.0,9.8,0.202,0,18,1010,0.018,0,5.433559237,-0.621430731,5.829308309,0.739335576
355,2020,10,Pascal Siakam,PF,25,60,35.2,22.9,3.5,7.3,1.0,0.9,0.453,0.512,0.792,2.8,5.4,0.123,0,17,1010,0.017,0,-2.980582815,0.691430696,-1.028991031,0.888975656
356,2020,11,Jimmy Butler,SF,30,58,33.8,19.9,6.0,6.7,1.8,0.6,0.455,0.474,0.834,1.4,9.0,0.221,0,9,1010,0.009,0,4.076797931,0.277862731,6.925138248,0.498397687
357,2020,12,Jayson Tatum,PF,21,66,34.3,23.4,3.0,7.0,1.4,0.9,0.45,0.527,0.812,2.1,6.9,0.146,0,1,1010,0.001,0,3.557567874,3.014390101,4.405292306,2.371921432
358,2021,1,Nikola Jokic,C,25,72,34.6,26.4,8.3,10.8,1.3,0.7,0.566,0.602,0.868,2.7,15.6,0.301,91,971,1010,0.961,1,5.932321628,1.100146791,3.881030702,1.354001818
359,2021,2,Joel Embiid,C,26,51,31.1,28.5,2.8,10.6,1.0,1.4,0.513,0.545,0.859,2.4,8.8,0.266,1,586,1010,0.58,0,3.675290622,5.775936338,1.766478981,5.211762227
360,2021,3,Stephen Curry,PG,32,63,34.2,32.0,5.8,5.5,1.2,0.1,0.482,0.605,0.916,1.9,9.0,0.201,5,453,1010,0.449,0,8.738701024,-1.939049899,8.087151888,-1.656422151
361,2021,4,Giannis Antetokounmpo,PF,26,61,33.0,28.1,5.9,11.0,1.2,1.2,0.569,0.6,0.685,2.8,10.2,0.244,1,348,1010,0.345,0,3.343624325,3.236280509,2.910820442,3.865650862
362,2021,5,Chris Paul,PG,35,70,31.4,16.4,8.9,4.5,1.4,0.3,0.499,0.557,0.934,2.4,9.2,0.201,2,139,1010,0.138,0,5.070250703,-1.955907437,4.87718282,-2.009793742
363,2021,6,Luka Doncic,PG,21,66,34.3,27.7,8.6,8.0,1.0,0.5,0.479,0.55,0.73,2.3,7.7,0.163,0,42,1010,0.042,0,9.343924442,1.978443328,10.28869278,1.578838775
364,2021,7,Damian Lillard,PG,30,67,35.8,28.8,7.5,4.2,0.9,0.3,0.451,0.554,0.928,1.5,10.4,0.209,0,38,1010,0.038,0,16.32935049,5.258404404,12.51502571,3.903481464
365,2021,8,Julius Randle,PF,26,71,37.6,24.1,6.0,10.2,0.9,0.3,0.456,0.516,0.811,3.2,7.8,0.14,0,20,1010,0.02,0,-6.952185814,0.315181441,-7.24794533,-0.803197954
366,2021,9,Derrick Rose,PG,32,50,25.6,14.7,4.2,2.6,1.0,0.4,0.47,0.511,0.866,1.1,3.1,0.118,1,10,1010,0.01,0,1.08953484,-3.394558008,-1.485261051,-2.213385037
367,2021,10,Rudy Gobert,C,28,71,30.8,14.3,1.3,13.5,0.6,2.7,0.675,0.675,0.623,2.3,11.3,0.248,0,8,1010,0.008,0,0.997255457,3.677359348,0.271344875,4.007217743
368,2021,11,Russell Westbrook,PG,32,65,36.4,22.2,11.7,11.5,1.4,0.4,0.439,0.474,0.656,2.9,3.7,0.075,0,5,1010,0.005,0,-1.215380972,-5.131704953,3.167447736,-6.440380182
369,2021,12,Ben Simmons,PG,24,58,32.4,14.3,6.9,7.2,1.6,0.6,0.557,0.56,0.613,2.9,6.0,0.153,0,3,1010,0.003,0,3.654630753,0.583405368,1.949009571,1.032363661
370,2021,13T,James Harden,PG,31,44,36.6,24.6,10.8,7.9,1.2,0.8,0.466,0.548,0.861,2.3,7.0,0.208,0,1,1010,0.001,0,10.56898315,-0.757309445,9.468271509,-0.61803427
371,2021,13T,LeBron James,PG,36,45,33.4,25.0,7.8,7.7,1.1,0.6,0.513,0.576,0.698,1.6,5.6,0.179,0,1,1010,0.001,0,10.09547514,2.958976788,8.828554366,2.107550366
372,2021,13T,Kawhi Leonard,SF,29,52,34.1,24.8,5.2,6.5,1.6,0.4,0.512,0.568,0.885,1.6,8.8,0.238,0,1,1010,0.001,0,6.286072931,0.969297171,5.862209034,2.832610885
373,2022,1,Nikola Jokic,C,26,74,33.5,27.1,7.9,13.8,1.5,0.9,0.583,0.62,0.81,2.6,15.2,0.296,65,875,1000,0.875,1,3.429058937,6.861562744,8.738566719,3.426448314
374,2022,2,Joel Embiid,C,27,68,33.8,30.6,4.2,11.7,1.1,1.5,0.499,0.534,0.814,2.7,12.0,0.252,26,706,1000,0.706,0,-0.192169962,6.428160708,1.615366525,4.706830795
375,2022,3,Giannis Antetokounmpo,PF,27,67,32.9,29.9,5.8,11.6,1.1,1.4,0.553,0.582,0.722,3.2,12.9,0.281,9,595,1000,0.595,0,5.178573848,4.506586436,3.583051873,3.769231181
376,2022,4,Devin Booker,SG,25,68,34.5,26.8,4.8,5.0,1.1,0.4,0.466,0.53,0.868,2.6,7.6,0.156,0,216,1000,0.216,0,2.437557473,-2.807937892,0.390593762,-3.082797511
377,2022,5,Luka Doncic,PG,22,65,35.4,28.4,8.7,9.1,1.2,0.6,0.457,0.529,0.744,2.2,7.6,0.159,0,146,1000,0.146,0,5.98405849,3.225569315,7.639561157,4.609140727
378,2022,6,Jayson Tatum,SF,23,76,35.9,26.9,4.4,8.0,1.0,0.6,0.453,0.526,0.853,2.3,9.6,0.169,0,43,1000,0.043,0,1.445766935,0.801288512,3.145569138,0.99099076
379,2022,7,Ja Morant,PG,22,57,33.1,27.4,6.7,5.7,1.2,0.4,0.493,0.53,0.761,1.5,6.7,0.171,0,10,1000,0.01,0,7.300866506,1.479527449,5.341632311,2.641227958
380,2022,8,Stephen Curry,PG,33,64,34.5,25.5,6.3,5.2,1.3,0.4,0.437,0.554,0.923,2.0,8.0,0.173,0,4,1000,0.004,0,8.037071831,0.823721195,9.163987795,1.328033784
381,2022,9,Chris Paul,PG,36,65,32.9,14.7,10.8,4.4,1.9,0.3,0.493,0.536,0.837,2.1,9.4,0.21,0,2,1000,0.002,0,5.643234587,0.279848959,3.355895862,1.07018717
382,2022,10T,DeMar DeRozan,PF,32,76,36.1,27.9,4.9,5.2,0.9,0.3,0.504,0.521,0.877,2.3,8.8,0.154,0,1,1000,0.001,0,0.821031091,-3.813085628,-1.542546903,-2.658873292
383,2022,10T,Kevin Durant,PF,33,55,37.2,29.9,6.4,7.4,0.9,0.9,0.518,0.57,0.91,2.1,8.4,0.198,0,1,1000,0.001,0,-2.574445485,-6.982249349,1.826957834,-8.754412216
384,2022,10T,LeBron James,C,37,56,37.2,30.3,6.2,8.2,1.3,1.1,0.524,0.59,0.756,2.2,7.5,0.172,0,1,1000,0.001,0,4.63728178,0.104579405,4.468344109,-0.371050323
385,2023,1,Joel Embiid,C,28,66,34.6,33.1,4.2,10.2,1.0,1.7,0.548,0.573,0.857,3.1,12.3,0.259,73,915,1000,0.915,1,-1.985531469006145,7.098068874171199,-0.6393394716687666,5.590005813700042
386,2023,2,Nikola Jokic,C,27,69,33.7,24.5,9.8,11.8,1.3,0.7,0.632,0.66,0.822,2.5,14.9,0.308,15,674,1000,0.674,0,8.134040941641528,2.387894900085436,8.373640089589538,3.123180464451119
387,2023,3,Giannis Antetokounmpo,PF,28,63,32.1,31.1,5.7,11.8,0.8,0.8,0.553,0.572,0.645,3.1,8.6,0.204,12,606,1000,0.606,0,-5.296677162408116,-5.377618897656274,-3.891641193061432,-7.910818880024771
388,2023,4,Jayson Tatum,SF,24,74,36.9,30.1,4.6,8.8,1.1,0.7,0.466,0.543,0.854,2.2,10.5,0.185,0,280,1000,0.28,0,4.724842350766005,1.134508254234952,3.885802096162561,0.622186263909495
389,2023,5,Shai Gilgeous-Alexander,PG,24,68,35.5,31.4,5.5,4.8,1.6,1.0,0.51,0.531,0.905,2.8,11.4,0.226,0,46,1000,0.046,0,5.012311545388262,0.1616610151844195,4.426448747236767,0.8903252269288734
390,2023,6,Donovan Mitchell,SG,26,68,35.8,28.3,4.4,4.3,1.5,0.4,0.484,0.572,0.867,2.5,8.9,0.176,0,30,1000,0.03,0,5.462998102926237,-2.381004034654969,4.071020700028678,-1.217393576835665
391,2023,7,Domantas Sabonis,C,26,79,34.6,19.1,7.3,12.3,0.8,0.5,0.615,0.632,0.742,3.5,12.6,0.221,0,27,1000,0.027,0,-6.328715383357324,1.634241921537613,-5.733155395278264,0.2044367588488395
392,2023,8,Luka Doncic,PG,23,66,36.2,32.4,8.0,8.6,1.4,0.5,0.496,0.56,0.742,2.5,10.2,0.204,0,10,1000,0.01,0,8.272469954461556,-0.4488619418488272,7.922574451543398,-0.1795504259433128
393,2023,9,Stephen Curry,PG,34,56,34.7,29.4,6.3,6.1,0.9,0.4,0.493,0.614,0.915,2.1,7.8,0.192,0,5,1000,0.005,0,7.450293181368516,-1.714806317028024,6.534400913315676,-0.9434594024286348
394,2023,10,Jimmy Butler,PF,33,64,33.4,22.9,5.3,5.9,1.8,0.3,0.539,0.56,0.85,1.3,12.3,0.277,0,3,1000,0.003,0,4.052922586920703,1.246758460008968,4.185950370030445,2.119834137557497
395,2023,11,De'Aaron Fox,PG,25,73,33.4,25.0,6.1,4.2,1.1,0.3,0.512,0.557,0.78,2.4,7.4,0.146,0,2,1000,0.002,0,3.934258421653929,-5.604629912662675,4.2837362319422,-3.788430665184408
396,2023,12T,Jalen Brunson,PG,26,68,35.0,24.0,6.2,3.5,0.9,0.2,0.491,0.547,0.829,2.2,8.7,0.175,0,1,1000,0.001,0,10.02089820409391,-0.9379401860031892,10.88211203612109,-0.4634009103883781
397,2023,12T,Ja Morant,PG,23,61,31.9,26.2,8.1,5.9,1.1,0.3,0.466,0.504,0.748,1.6,6.0,0.148,0,1,1000,0.001,0,2.663436472471076,1.139497548074101,2.219711814046356,0.8592907744432948
