Season,Rank,Player,Age,Tm,First,Pts Won,Pts Max,Share,G,MP,PTS,TRB,AST,STL,BLK,FG%,3P%,FT%,WS,WS/48
1990-91,1,Michael Jordan,27,CHI,77,891,960,0.9279999999999999,82,37,31.5,6,5.5,2.7,1,0.539,0.312,0.851,20.3,0.321
1990-91,2,Magic Johnson,31,LAL,10,497,960,0.518,79,37.1,19.4,7,12.5,1.3,0.2,0.47700000000000004,0.32,0.9059999999999999,15.4,0.251
1990-91,3,David Robinson,25,SAS,6,476,960,0.496,82,37.7,25.6,13,2.5,1.5,3.9,0.552,0.14300000000000002,0.762,17,0.264
1990-91,4,Charles Barkley,27,PHI,2,222,960,0.231,67,37.3,27.6,10.1,4.2,1.6,0.5,0.57,0.284,0.722,13.4,0.258
1990-91,5,Karl Malone,27,UTA,0,142,960,0.14800000000000002,82,40.3,29,11.8,3.3,1.1,1,0.527,0.28600000000000003,0.77,15.5,0.225
1990-91,6,Clyde Drexler,28,POR,1,75,960,0.078,82,34.8,21.5,6.7,6,1.8,0.7,0.48200000000000004,0.319,0.794,12.4,0.209
1990-91,7,Kevin Johnson,24,PHO,0,32,960,0.033,77,36,22.2,3.5,10.1,2.1,0.1,0.516,0.205,0.843,12.7,0.22
1990-91,8,Dominique Wilkins,31,ATL,0,29,960,0.03,81,38,25.9,9,3.3,1.5,0.8,0.47,0.341,0.8290000000000001,11.4,0.177
1990-91,9T,Larry Bird,34,BOS,0,25,960,0.026000000000000002,60,38,19.4,8.5,7.2,1.8,1,0.45399999999999996,0.389,0.8909999999999999,6.6,0.14
1990-91,9T,Terry Porter,27,POR,0,25,960,0.026000000000000002,81,32.9,17,3.5,8,2,0.1,0.515,0.415,0.823,13,0.235
1990-91,11,Patrick Ewing,28,NYK,0,20,960,0.021,81,38.3,26.6,11.2,3,1,3.2,0.514,0,0.745,10,0.155
1990-91,12,John Stockton,28,UTA,0,15,960,0.016,82,37.8,17.2,2.9,14.2,2.9,0.2,0.507,0.345,0.836,14,0.217
1990-91,13,Isiah Thomas,29,DET,0,11,960,0.011000000000000001,48,34.5,16.2,3.3,9.3,1.6,0.2,0.435,0.292,0.782,3.4,0.098
1990-91,14,Robert Parish,37,BOS,0,10,960,0.01,81,30.1,14.9,10.6,0.8,0.8,1.3,0.598,0,0.767,10,0.198
1990-91,15,Joe Dumars,27,DET,0,8,960,0.008,80,38.1,20.4,2.3,5.5,1.1,0.1,0.48100000000000004,0.311,0.89,9.9,0.155
1990-91,16,Bernard King,34,WSB,0,7,960,0.007,64,37.5,28.4,5,4.6,0.9,0.3,0.47200000000000003,0.21600000000000003,0.79,3.5,0.07
1990-91,17,Kenny Smith,25,HOU,0,5,960,0.005,78,34.6,17.7,2.1,7.1,1.4,0.1,0.52,0.363,0.8440000000000001,9,0.161
1990-91,18,Hakeem Olajuwon,28,HOU,0,4,960,0.004,56,36.8,21.2,13.8,2.3,2.2,3.9,0.508,0,0.769,8.6,0.201
1990-91,19T,Tim Hardaway,24,GSW,0,1,960,0.001,82,39.2,22.9,4,9.7,2.6,0.1,0.47600000000000003,0.385,0.8029999999999999,9.9,0.14800000000000002
1990-91,19T,Kevin McHale,33,BOS,0,1,960,0.001,68,30.4,18.4,7.1,1.9,0.4,2.1,0.5529999999999999,0.405,0.8290000000000001,7.9,0.182
1991-92,1,Michael Jordan,28,CHI,80,900,960,0.938,80,38.8,30.1,6.4,6.1,2.3,0.9,0.519,0.27,0.8320000000000001,17.7,0.27399999999999997
1991-92,2,Clyde Drexler,29,POR,12,561,960,0.584,76,36.2,25,6.6,6.7,1.8,0.9,0.47,0.337,0.794,12.8,0.223
1991-92,3,David Robinson,26,SAS,2,337,960,0.35100000000000003,68,37.7,23.2,12.2,2.7,2.3,4.5,0.551,0.125,0.701,13.9,0.26
1991-92,4,Karl Malone,28,UTA,1,262,960,0.273,81,37.7,28,11.2,3,1.3,0.6,0.526,0.17600000000000002,0.778,15.1,0.237
1991-92,5,Patrick Ewing,29,NYK,0,100,960,0.10400000000000001,82,38.4,24,11.2,1.9,1.1,3,0.522,0.16699999999999998,0.738,13,0.198
1991-92,6,Chris Mullin,28,GSW,0,81,960,0.084,81,41.3,25.6,5.6,3.5,2.1,0.8,0.524,0.366,0.833,10.8,0.155
1991-92,7,Mark Price,27,CLE,0,66,960,0.069,72,29.7,17.3,2.4,7.4,1.3,0.2,0.488,0.387,0.9470000000000001,9.1,0.205
1991-92,8,Tim Hardaway,25,GSW,0,64,960,0.067,81,41.1,23.4,3.8,10,2,0.2,0.461,0.33799999999999997,0.7659999999999999,9.2,0.132
1991-92,9,Scottie Pippen,26,CHI,1,32,960,0.033,82,38.6,21,7.7,7,1.9,1.1,0.506,0.2,0.76,12.7,0.192
1991-92,10,Dennis Rodman,30,DET,0,26,960,0.027000000000000003,82,40.3,9.8,18.7,2.3,0.8,0.9,0.539,0.317,0.6,12.6,0.183
1991-92,11,Brad Daugherty,26,CLE,0,24,960,0.025,73,36.2,21.5,10.4,3.6,0.9,1.1,0.57,0,0.777,11.7,0.213
1991-92,12T,Charles Barkley,28,PHI,0,18,960,0.019,75,38.4,23.1,11.1,4.1,1.8,0.6,0.552,0.23399999999999999,0.695,12.3,0.205
1991-92,12T,John Stockton,29,UTA,0,18,960,0.019,82,36.6,15.8,3.3,13.7,3,0.3,0.48200000000000004,0.40700000000000003,0.8420000000000001,13.4,0.215
1991-92,14,Larry Bird,35,BOS,0,3,960,0.003,45,36.9,20.2,9.6,6.8,0.9,0.7,0.466,0.406,0.9259999999999999,5.5,0.159
1991-92,15,Kevin Johnson,25,PHO,0,2,960,0.002,78,37.2,19.7,3.7,10.7,1.5,0.3,0.479,0.217,0.807,10,0.165
1991-92,16T,Danny Manning,25,LAC,0,1,960,0.001,82,35.4,19.3,6.9,3.5,1.6,1.5,0.542,0,0.725,9.8,0.162
1991-92,16T,Detlef Schrempf,29,IND,0,1,960,0.001,80,32.6,17.3,9.6,3.9,0.8,0.5,0.536,0.324,0.828,9.8,0.18100000000000002
1992-93,1,Charles Barkley,29,PHO,59,835,980,0.852,76,37.6,25.6,12.2,5.1,1.6,1,0.52,0.305,0.765,14.4,0.242
1992-93,2,Hakeem Olajuwon,30,HOU,22,647,980,0.66,82,39.5,26.1,13,3.5,1.8,4.2,0.529,0,0.779,15.8,0.23399999999999999
1992-93,3,Michael Jordan,29,CHI,13,565,980,0.5770000000000001,78,39.3,32.6,6.7,5.5,2.8,0.8,0.495,0.35200000000000004,0.8370000000000001,17.2,0.27
1992-93,4,Patrick Ewing,30,NYK,4,359,980,0.366,81,37.1,24.2,12.1,1.9,0.9,2,0.503,0.14300000000000002,0.7190000000000001,10.6,0.17
1992-93,5,Dominique Wilkins,33,ATL,0,54,980,0.055,71,37.3,29.9,6.8,3.2,1,0.4,0.46799999999999997,0.38,0.828,10.5,0.191
1992-93,6,David Robinson,27,SAS,0,33,980,0.034,82,39.2,23.4,11.7,3.7,1.5,3.2,0.501,0.17600000000000002,0.732,13.2,0.19699999999999998
1992-93,7,Shaquille O'Neal,20,ORL,0,30,980,0.031,81,37.9,23.4,13.9,1.9,0.7,3.5,0.562,0,0.5920000000000001,10.4,0.163
1992-93,8T,Karl Malone,29,UTA,0,10,980,0.01,82,37.8,27,11.2,3.8,1.5,1,0.552,0.2,0.74,15.4,0.23800000000000002
1992-93,8T,Mark Price,28,CLE,0,10,980,0.01,75,31.7,18.2,2.7,8,1.2,0.1,0.484,0.41600000000000004,0.948,9.8,0.19699999999999998
1992-93,10T,Brad Daugherty,27,CLE,0,1,980,0.001,71,37.9,20.2,10.2,4.4,0.7,0.8,0.5710000000000001,0.5,0.795,12.7,0.226
1992-93,10T,Clyde Drexler,30,POR,0,1,980,0.001,49,34.1,19.9,6.3,5.7,1.9,0.8,0.429,0.233,0.8390000000000001,6,0.171
1992-93,10T,Joe Dumars,29,DET,0,1,980,0.001,77,40.2,23.5,1.9,4,1,0.1,0.466,0.375,0.8640000000000001,9.1,0.141
1992-93,10T,Shawn Kemp,23,SEA,0,1,980,0.001,78,33.1,17.8,10.7,2,1.5,1.9,0.49200000000000005,0,0.7120000000000001,9.1,0.16899999999999998
1992-93,10T,John Stockton,30,UTA,0,1,980,0.001,82,34.9,15.1,2.9,12,2.4,0.3,0.486,0.385,0.7979999999999999,10.6,0.177
1993-94,1,Hakeem Olajuwon,31,HOU,66,889,1010,0.88,80,41,27.3,11.9,3.6,1.6,3.7,0.528,0.42100000000000004,0.716,14.3,0.21
1993-94,2,David Robinson,28,SAS,24,730,1010,0.723,80,40.5,29.8,10.7,4.8,1.7,3.3,0.507,0.345,0.7490000000000001,20,0.29600000000000004
1993-94,3,Scottie Pippen,28,CHI,7,390,1010,0.386,72,38.3,22,8.7,5.6,2.9,0.8,0.491,0.32,0.66,11.2,0.19399999999999998
1993-94,4,Shaquille O'Neal,21,ORL,3,289,1010,0.28600000000000003,81,39.8,29.3,13.2,2.4,0.9,2.9,0.599,0,0.5539999999999999,16.9,0.252
1993-94,5,Patrick Ewing,31,NYK,1,255,1010,0.252,79,37.6,24.5,11.2,2.3,1.1,2.7,0.496,0.28600000000000003,0.765,13.1,0.21100000000000002
1993-94,6,Gary Payton,25,SEA,0,20,1010,0.02,82,35.1,16.5,3.3,6,2.3,0.2,0.504,0.278,0.595,9.3,0.155
1993-94,7T,Shawn Kemp,24,SEA,0,17,1010,0.017,79,32.9,18.1,10.8,2.6,1.8,2.1,0.5379999999999999,0.25,0.741,11.7,0.21600000000000003
1993-94,7T,Karl Malone,30,UTA,0,17,1010,0.017,82,40.6,25.2,11.5,4,1.5,1.5,0.49700000000000005,0.25,0.6940000000000001,13.4,0.193
1993-94,9,Mark Price,29,CLE,0,7,1010,0.007,76,31.4,17.3,3,7.8,1.4,0.1,0.478,0.397,0.888,10,0.201
1993-94,10,Charles Barkley,30,PHO,0,5,1010,0.005,65,35.4,21.6,11.2,4.6,1.6,0.6,0.495,0.27,0.7040000000000001,8.8,0.185
1993-94,11T,Mookie Blaylock,26,ATL,0,1,1010,0.001,81,36,13.8,5.2,9.7,2.6,0.5,0.41100000000000003,0.33399999999999996,0.73,10.2,0.168
1993-94,11T,Kevin Johnson,27,PHO,0,1,1010,0.001,67,36.6,20,2.5,9.5,1.9,0.1,0.48700000000000004,0.222,0.8190000000000001,8.7,0.17
1993-94,11T,Dennis Rodman,32,SAS,0,1,1010,0.001,79,37.8,4.7,17.3,2.3,0.7,0.4,0.534,0.20800000000000002,0.52,8.7,0.14
1993-94,11T,Latrell Sprewell,23,GSW,0,1,1010,0.001,82,43.1,21,4.9,4.7,2.2,0.9,0.433,0.361,0.774,8,0.10800000000000001
1993-94,11T,John Stockton,31,UTA,0,1,1010,0.001,82,36.2,15.1,3.1,12.6,2.4,0.3,0.528,0.322,0.805,13.2,0.214
1993-94,11T,Dominique Wilkins,34,TOT,0,1,1010,0.001,74,35.6,26,6.5,2.3,1.2,0.4,0.44,0.28800000000000003,0.847,8.4,0.153
1993-94,11T,Kevin Willis,31,ATL,0,1,1010,0.001,80,35.8,19.1,12,1.9,1,0.5,0.499,0.375,0.713,10.2,0.17
1994-95,1,David Robinson,29,SAS,73,901,1050,0.858,81,38,27.6,10.8,2.9,1.7,3.2,0.53,0.3,0.774,17.5,0.273
1994-95,2,Shaquille O'Neal,22,ORL,12,605,1050,0.5760000000000001,79,37,29.3,11.4,2.7,0.9,2.4,0.583,0,0.5329999999999999,14,0.23
1994-95,3,Karl Malone,31,UTA,14,532,1050,0.507,82,38.1,26.7,10.6,3.5,1.6,1,0.536,0.268,0.742,13.8,0.212
1994-95,4,Patrick Ewing,32,NYK,2,230,1050,0.21899999999999997,79,37,23.9,11,2.7,0.9,2,0.503,0.28600000000000003,0.75,9.6,0.157
1994-95,5,Hakeem Olajuwon,32,HOU,1,147,1050,0.14,72,39.6,27.8,10.8,3.5,1.8,3.4,0.517,0.188,0.7559999999999999,10.7,0.18100000000000002
1994-95,6,Charles Barkley,31,PHO,1,96,1050,0.091,68,35,23,11.1,4.1,1.6,0.7,0.486,0.33799999999999997,0.748,10.6,0.214
1994-95,7,Scottie Pippen,29,CHI,1,83,1050,0.079,79,38.2,21.4,8.1,5.2,2.9,1.1,0.48,0.345,0.716,11.8,0.188
1994-95,8,John Stockton,32,UTA,1,47,1050,0.045,82,35,14.7,3.1,12.3,2.4,0.3,0.542,0.449,0.804,13.9,0.233
1994-95,9,Gary Payton,26,SEA,0,34,1050,0.032,82,36.8,20.6,3.4,7.1,2.5,0.2,0.509,0.302,0.716,11.7,0.187
1994-95,10,Anfernee Hardaway,23,ORL,0,23,1050,0.022000000000000002,77,37.7,20.9,4.4,7.2,1.7,0.3,0.512,0.349,0.769,10.7,0.177
1994-95,11,Michael Jordan,31,CHI,0,12,1050,0.011000000000000001,17,39.3,26.9,6.9,5.3,1.8,0.8,0.41100000000000003,0.5,0.8009999999999999,2.3,0.16699999999999998
1994-95,12,Dennis Rodman,33,SAS,0,9,1050,0.009,49,32,7.1,16.8,2,0.6,0.5,0.5710000000000001,0,0.6759999999999999,5.8,0.17800000000000002
1994-95,13,Jason Kidd,21,DAL,0,7,1050,0.007,79,33.8,11.7,5.4,7.7,1.9,0.3,0.385,0.272,0.698,3.7,0.066
1994-95,14,Clyde Drexler,32,TOT,0,3,1050,0.003,76,35.9,21.8,6.3,4.8,1.8,0.6,0.461,0.36,0.8240000000000001,11.7,0.20600000000000002
1994-95,15,Cedric Ceballos,25,LAL,0,1,1050,0.001,58,35,21.7,8,1.8,1,0.3,0.509,0.397,0.716,5.2,0.12300000000000001
1995-96,1,Michael Jordan,32,CHI,109,1114,1130,0.986,82,37.7,30.4,6.6,4.3,2.2,0.5,0.495,0.42700000000000005,0.8340000000000001,20.4,0.317
1995-96,2,David Robinson,30,SAS,0,574,1130,0.508,82,36.8,25,12.2,3,1.4,3.3,0.516,0.33299999999999996,0.7609999999999999,18.3,0.29
1995-96,3,Anfernee Hardaway,24,ORL,2,360,1130,0.319,82,36.8,21.7,4.3,7.1,2,0.5,0.513,0.314,0.767,14.4,0.22899999999999998
1995-96,4,Hakeem Olajuwon,33,HOU,1,238,1130,0.21100000000000002,72,38.8,26.9,10.9,3.6,1.6,2.9,0.514,0.214,0.7240000000000001,9.7,0.166
1995-96,5,Scottie Pippen,30,CHI,0,226,1130,0.2,77,36.7,19.4,6.4,5.9,1.7,0.7,0.46299999999999997,0.374,0.679,12.3,0.209
1995-96,6,Gary Payton,27,SEA,0,98,1130,0.087,81,39,19.3,4.2,7.5,2.9,0.2,0.484,0.32799999999999996,0.748,11.5,0.174
1995-96,7,Karl Malone,32,UTA,1,85,1130,0.075,82,38,25.7,9.8,4.2,1.7,0.7,0.519,0.4,0.723,15.1,0.233
1995-96,8,Shawn Kemp,26,SEA,0,73,1130,0.065,79,33.3,19.6,11.4,2.2,1.2,1.6,0.561,0.41700000000000004,0.742,11.2,0.205
1995-96,9T,Grant Hill,23,DET,0,63,1130,0.055999999999999994,80,40.8,20.2,9.8,6.9,1.3,0.6,0.462,0.192,0.7509999999999999,11.7,0.172
1995-96,9T,Shaquille O'Neal,23,ORL,0,63,1130,0.055999999999999994,54,36,26.6,11,2.9,0.6,2.1,0.573,0.5,0.48700000000000004,6.9,0.171
1995-96,11,John Stockton,33,UTA,0,12,1130,0.011000000000000001,82,35.5,14.7,2.8,11.2,1.7,0.2,0.5379999999999999,0.42200000000000004,0.83,13,0.214
1995-96,12T,Charles Barkley,32,PHO,0,8,1130,0.007,71,37.1,23.2,11.6,3.7,1.6,0.8,0.5,0.28,0.777,10.5,0.191
1995-96,12T,Magic Johnson,36,LAL,0,8,1130,0.007,32,29.9,14.6,5.7,6.9,0.8,0.4,0.466,0.379,0.856,3.6,0.18100000000000002
1995-96,14,Alonzo Mourning,25,MIA,0,6,1130,0.005,70,38.2,23.2,10.4,2.3,1,2.7,0.523,0.3,0.685,9.9,0.17800000000000002
1995-96,15,Dennis Rodman,34,CHI,0,4,1130,0.004,64,32.6,5.5,14.9,2.5,0.6,0.4,0.48,0.111,0.528,6.2,0.14300000000000002
1995-96,16T,Terrell Brandon,25,CLE,0,3,1130,0.003,75,34.3,19.3,3.3,6.5,1.8,0.4,0.465,0.387,0.887,12.7,0.237
1995-96,16T,Mitch Richmond,30,SAC,0,3,1130,0.003,81,36.4,23.1,3.3,3.1,1.5,0.2,0.447,0.43700000000000006,0.866,9.3,0.151
1996-97,1,Karl Malone,33,UTA,63,986,1150,0.857,82,36.6,27.4,9.9,4.5,1.4,0.6,0.55,0,0.755,16.7,0.268
1996-97,2,Michael Jordan,33,CHI,52,957,1150,0.8320000000000001,82,37.9,29.6,5.9,4.3,1.7,0.5,0.486,0.374,0.833,18.3,0.28300000000000003
1996-97,3,Grant Hill,24,DET,0,376,1150,0.327,80,39.3,21.4,9,7.3,1.8,0.6,0.496,0.303,0.711,14.6,0.223
1996-97,4,Tim Hardaway,30,MIA,0,238,1150,0.207,81,38.7,20.3,3.4,8.6,1.9,0.1,0.415,0.344,0.799,12.9,0.198
1996-97,5,Glen Rice,29,CHH,0,134,1150,0.11699999999999999,79,42.6,26.8,4,2,0.9,0.3,0.47700000000000004,0.47,0.867,10.8,0.154
1996-97,6,Gary Payton,28,SEA,0,105,1150,0.091,82,39.2,21.8,4.6,7.1,2.4,0.2,0.47600000000000003,0.313,0.715,12.9,0.193
1996-97,7,Hakeem Olajuwon,34,HOU,0,95,1150,0.083,78,36.6,23.2,9.2,3,1.5,2.2,0.51,0.313,0.787,9.1,0.154
1996-97,8,Patrick Ewing,34,NYK,0,57,1150,0.05,78,37,22.4,10.7,2,0.9,2.4,0.488,0.222,0.754,9.8,0.163
1996-97,9T,Anthony Mason,30,CHH,0,7,1150,0.006,73,43.1,16.2,11.4,5.7,1,0.5,0.525,0.33299999999999996,0.745,11.4,0.17300000000000001
1996-97,9T,Shaquille O'Neal,24,LAL,0,7,1150,0.006,51,38.1,26.2,12.5,3.1,0.9,2.9,0.557,0,0.484,8,0.19699999999999998
1996-97,11,Scottie Pippen,31,CHI,0,6,1150,0.005,82,37.7,20.2,6.5,5.7,1.9,0.5,0.474,0.368,0.701,13.1,0.203
1996-97,12,Alonzo Mourning,26,MIA,0,5,1150,0.004,66,35.2,19.8,9.9,1.6,0.8,2.9,0.534,0.111,0.642,8.4,0.174
1996-97,13T,Dikembe Mutombo,30,ATL,0,4,1150,0.003,80,37.2,13.3,11.6,1.4,0.6,3.3,0.527,,0.705,11.3,0.183
1996-97,13T,Mitch Richmond,31,SAC,0,4,1150,0.003,81,38.6,25.9,3.9,4.2,1.5,0.3,0.45399999999999996,0.428,0.861,10.8,0.166
1996-97,15,John Stockton,34,UTA,0,3,1150,0.003,82,35.3,14.4,2.8,10.5,2,0.2,0.5479999999999999,0.42200000000000004,0.846,13.6,0.226
1996-97,16,Charles Barkley,33,HOU,0,2,1150,0.002,53,37.9,19.2,13.5,4.7,1.3,0.5,0.484,0.28300000000000003,0.6940000000000001,9.4,0.22399999999999998
1996-97,17T,Tom Gugliotta,27,MIN,0,1,1150,0.001,81,38.7,20.6,8.7,4.1,1.6,1.1,0.442,0.258,0.82,6.7,0.10300000000000001
1996-97,17T,Allen Iverson,21,PHI,0,1,1150,0.001,76,40.1,23.5,4.1,7.5,2.1,0.3,0.41600000000000004,0.341,0.7020000000000001,4.1,0.065
1996-97,17T,Kevin Johnson,30,PHO,0,1,1150,0.001,70,38,20.1,3.6,9.3,1.5,0.2,0.496,0.441,0.852,11.7,0.21100000000000002
1996-97,17T,Steve Smith,27,ATL,0,1,1150,0.001,72,39.1,20.1,3.3,4.2,0.9,0.3,0.429,0.335,0.847,9.1,0.154
1997-98,1,Michael Jordan,34,CHI,92,1084,1160,0.934,82,38.8,28.7,5.8,3.5,1.7,0.5,0.465,0.23800000000000002,0.784,15.8,0.23800000000000002
1997-98,2,Karl Malone,34,UTA,20,842,1160,0.726,81,37.4,27,10.3,3.9,1.2,0.9,0.53,0.33299999999999996,0.7609999999999999,16.4,0.259
1997-98,3,Gary Payton,29,SEA,3,431,1160,0.37200000000000005,82,38.4,19.2,4.6,8.3,2.3,0.2,0.45299999999999996,0.33799999999999997,0.7440000000000001,12.5,0.19
1997-98,4,Shaquille O'Neal,25,LAL,1,311,1160,0.268,60,36.3,28.3,11.4,2.4,0.7,2.4,0.584,,0.527,10.2,0.22399999999999998
1997-98,5,Tim Duncan,21,SAS,0,148,1160,0.128,82,39.1,21.1,11.9,2.7,0.7,2.5,0.5489999999999999,0,0.662,12.8,0.192
1997-98,6,Tim Hardaway,31,MIA,0,71,1160,0.061,81,37.4,18.9,3.7,8.3,1.7,0.2,0.431,0.35100000000000003,0.7809999999999999,11.7,0.185
1997-98,7,David Robinson,32,SAS,0,36,1160,0.031,73,33.7,21.6,10.6,2.7,0.9,2.6,0.511,0.25,0.735,13.8,0.26899999999999996
1997-98,8,Vin Baker,26,SEA,0,24,1160,0.021,82,35.9,19.2,8,1.9,1.1,1,0.542,0.14300000000000002,0.591,10.4,0.16899999999999998
1997-98,9,Grant Hill,25,DET,0,23,1160,0.02,81,40.7,21.1,7.7,6.8,1.8,0.7,0.452,0.14300000000000002,0.74,10.2,0.149
1997-98,10,Scottie Pippen,32,CHI,0,14,1160,0.012,44,37.5,19.1,5.2,5.8,1.8,1,0.447,0.318,0.777,6.6,0.193
1997-98,11,Glen Rice,30,CHH,0,7,1160,0.006,82,40.2,22.3,4.3,2.2,0.9,0.3,0.457,0.433,0.8490000000000001,9.3,0.136
1997-98,12,Antoine Walker,21,BOS,0,6,1160,0.005,82,39.9,22.4,10.2,3.3,1.7,0.7,0.423,0.312,0.645,4.7,0.07
1997-98,13T,Jason Kidd,24,PHO,0,5,1160,0.004,82,38,11.6,6.2,9.1,2,0.3,0.41600000000000004,0.313,0.799,8,0.12300000000000001
1997-98,13T,John Stockton,35,UTA,0,5,1160,0.004,64,29,12,2.6,8.5,1.4,0.2,0.528,0.429,0.8270000000000001,8,0.20600000000000002
1997-98,15,Mitch Richmond,32,SAC,0,3,1160,0.003,70,36.7,23.2,3.3,4,1.3,0.2,0.445,0.389,0.8640000000000001,7.9,0.14800000000000002
1997-98,16T,Reggie Miller,32,IND,0,2,1160,0.002,81,34.5,19.5,2.9,2.1,1,0.1,0.47700000000000004,0.429,0.868,12,0.20600000000000002
1997-98,16T,Rik Smits,31,IND,0,2,1160,0.002,73,28.6,16.7,6.9,1.4,0.5,1.2,0.495,0,0.7829999999999999,6.1,0.141
1997-98,18T,Michael Finley,24,DAL,0,1,1160,0.001,82,41.4,21.5,5.3,4.9,1.6,0.4,0.449,0.35700000000000004,0.784,7.5,0.106
1997-98,18T,Rod Strickland,31,WAS,0,1,1160,0.001,76,39.7,17.8,5.3,10.5,1.7,0.3,0.434,0.25,0.726,8.1,0.129
1998-99,1,Karl Malone,35,UTA,44,827,1180,0.701,49,37.4,23.8,9.4,4.1,1.3,0.6,0.493,0,0.7879999999999999,9.6,0.252
1998-99,2,Alonzo Mourning,28,MIA,36,773,1180,0.655,46,38.1,20.1,11,1.6,0.7,3.9,0.511,0,0.652,7.9,0.21600000000000003
1998-99,3,Tim Duncan,22,SAS,30,740,1180,0.627,50,39.3,21.7,11.4,2.4,0.9,2.5,0.495,0.14300000000000002,0.69,8.7,0.213
1998-99,4,Allen Iverson,23,PHI,5,319,1180,0.27,48,41.5,26.8,4.9,4.6,2.3,0.1,0.41200000000000003,0.29100000000000004,0.7509999999999999,7.2,0.17300000000000001
1998-99,5,Jason Kidd,25,PHO,2,159,1180,0.135,50,41.2,16.9,6.8,10.8,2.3,0.4,0.444,0.366,0.757,8.1,0.188
1998-99,6,Shaquille O'Neal,26,LAL,1,89,1180,0.075,49,34.8,26.3,10.7,2.3,0.7,1.7,0.5760000000000001,0,0.54,9,0.255
1998-99,7,Chris Webber,25,SAC,0,51,1180,0.043,42,40.9,20,13,4.1,1.4,2.1,0.486,0.11800000000000001,0.45399999999999996,3.6,0.102
1998-99,8,Grant Hill,26,DET,0,39,1180,0.033,50,37,21.1,7.1,6,1.6,0.5,0.479,0,0.752,7.3,0.18899999999999997
1998-99,9,Gary Payton,30,SEA,0,35,1180,0.03,50,40.2,21.7,4.9,8.7,2.2,0.2,0.434,0.295,0.721,7.2,0.172
1998-99,10,Kevin Garnett,22,MIN,0,9,1180,0.008,47,37.9,20.8,10.4,4.3,1.7,1.8,0.46,0.28600000000000003,0.7040000000000001,5.4,0.146
1998-99,11,Shawn Kemp,29,CLE,0,7,1180,0.006,42,35.1,20.5,9.2,2.4,1.1,1.1,0.48200000000000004,0.5,0.789,6.3,0.205
1998-99,12,David Robinson,33,SAS,0,6,1180,0.005,49,31.7,15.8,10,2.1,1.4,2.4,0.509,0,0.6579999999999999,8.4,0.261
1998-99,13T,Hakeem Olajuwon,36,HOU,0,3,1180,0.003,50,35.7,18.9,9.6,1.8,1.6,2.5,0.514,0.308,0.7170000000000001,6.5,0.175
1998-99,13T,Arvydas Sabonis,34,POR,0,3,1180,0.003,50,27,12.1,7.9,2.4,0.7,1.3,0.485,0.292,0.7709999999999999,5.8,0.207
1998-99,15,Darrell Armstrong,30,ORL,0,2,1180,0.002,50,30,13.8,3.6,6.7,2.2,0.1,0.441,0.365,0.904,6.4,0.205
1998-99,16T,Vince Carter,22,TOR,0,1,1180,0.001,50,35.2,18.3,5.7,3,1.1,1.5,0.45,0.28800000000000003,0.7609999999999999,5,0.136
1998-99,16T,Anfernee Hardaway,27,ORL,0,1,1180,0.001,50,38.9,15.8,5.7,5.3,2.2,0.5,0.42,0.28600000000000003,0.706,5,0.122
1998-99,16T,Mark Jackson,33,IND,0,1,1180,0.001,49,28.2,7.6,3.8,7.9,0.9,0.1,0.419,0.311,0.823,3.8,0.134
1998-99,16T,Glenn Robinson,26,MIL,0,1,1180,0.001,47,33.6,18.4,5.9,2.1,1,0.9,0.45899999999999996,0.392,0.87,4,0.122
1998-99,16T,Steve Smith,29,ATL,0,1,1180,0.001,36,36.5,18.7,4.2,3.3,1,0.3,0.402,0.33799999999999997,0.8490000000000001,4.4,0.162
1998-99,16T,Rasheed Wallace,24,POR,0,1,1180,0.001,49,28.9,12.8,4.9,1.2,1,1.1,0.508,0.419,0.732,5,0.16899999999999998
1999-00,1,Shaquille O'Neal,27,LAL,120,1207,1210,0.998,79,40,29.7,13.6,3.8,0.5,3,0.574,0,0.524,18.6,0.28300000000000003
1999-00,2,Kevin Garnett,23,MIN,0,408,1210,0.337,81,40,22.9,11.8,5,1.5,1.6,0.49700000000000005,0.37,0.765,11.6,0.172
1999-00,3,Alonzo Mourning,29,MIA,0,367,1210,0.303,79,34.8,21.7,9.5,1.6,0.5,3.7,0.551,0,0.711,12.9,0.226
1999-00,4,Karl Malone,36,UTA,0,312,1210,0.258,82,35.9,25.5,9.5,3.7,1,0.9,0.509,0.25,0.797,15.3,0.249
1999-00,5,Tim Duncan,23,SAS,0,248,1210,0.205,74,38.9,23.2,12.4,3.2,0.9,2.2,0.49,0.091,0.7609999999999999,13,0.218
1999-00,6,Gary Payton,31,SEA,0,180,1210,0.149,82,41.8,24.2,6.5,8.9,1.9,0.2,0.44799999999999995,0.34,0.735,13.9,0.195
1999-00,7,Allen Iverson,24,PHI,1,132,1210,0.109,70,40.8,28.4,3.8,4.7,2.1,0.1,0.42100000000000004,0.341,0.713,6.9,0.11599999999999999
1999-00,8,Grant Hill,27,DET,0,113,1210,0.093,74,37.5,25.8,6.6,5.2,1.4,0.6,0.489,0.34700000000000003,0.795,10.7,0.185
1999-00,9,Chris Webber,26,SAC,0,96,1210,0.079,75,38.4,24.5,10.5,4.6,1.6,1.7,0.483,0.284,0.7509999999999999,10.7,0.179
1999-00,10,Vince Carter,23,TOR,0,51,1210,0.042,82,38.1,25.7,5.8,3.9,1.3,1.1,0.465,0.40299999999999997,0.7909999999999999,11.8,0.182
1999-00,11,Jason Kidd,26,PHO,0,25,1210,0.021,67,39,14.3,7.2,10.1,2,0.4,0.409,0.337,0.8290000000000001,8.5,0.156
1999-00,12,Kobe Bryant,21,LAL,0,3,1210,0.002,66,38.2,22.5,6.3,4.9,1.6,0.9,0.46799999999999997,0.319,0.821,10.6,0.20199999999999999
1999-00,13T,Darrell Armstrong,31,ORL,0,1,1210,0.001,82,31.6,16.2,3.3,6.1,2.1,0.1,0.433,0.34,0.9109999999999999,8,0.149
1999-00,13T,Michael Finley,26,DAL,0,1,1210,0.001,82,42.2,22.6,6.3,5.3,1.3,0.4,0.457,0.401,0.82,8.3,0.114
1999-00,13T,Reggie Miller,34,IND,0,1,1210,0.001,81,36.9,18.1,3,2.3,1,0.3,0.44799999999999995,0.408,0.919,10.1,0.162
1999-00,13T,Jalen Rose,27,IND,0,1,1210,0.001,80,37.2,18.2,4.8,4,1.1,0.6,0.47100000000000003,0.39299999999999996,0.8270000000000001,7.3,0.11800000000000001
2000-01,1,Allen Iverson,25,PHI,93,1121,1240,0.904,71,42,31.1,3.8,4.6,2.5,0.3,0.42,0.32,0.8140000000000001,11.8,0.19
2000-01,2,Tim Duncan,24,SAS,18,706,1240,0.569,82,38.7,22.2,12.2,3,0.9,2.3,0.499,0.259,0.618,13.2,0.2
2000-01,3,Shaquille O'Neal,28,LAL,7,578,1240,0.466,74,39.5,28.7,12.7,3.7,0.6,2.8,0.5720000000000001,0,0.513,14.9,0.245
2000-01,4,Chris Webber,27,SAC,5,521,1240,0.42,70,40.5,27.1,11.1,4.2,1.3,1.7,0.48100000000000004,0.071,0.703,11,0.18600000000000003
2000-01,5,Kevin Garnett,24,MIN,1,151,1240,0.122,81,39.5,22,11.4,5,1.4,1.8,0.47700000000000004,0.28800000000000003,0.764,11.8,0.17600000000000002
2000-01,6,Tracy McGrady,21,ORL,0,64,1240,0.052000000000000005,77,40.1,26.8,7.5,4.6,1.5,1.5,0.457,0.355,0.733,12.2,0.18899999999999997
2000-01,7,Karl Malone,37,UTA,0,21,1240,0.017,81,35.7,23.2,8.3,4.5,1.1,0.8,0.498,0.4,0.7929999999999999,13.1,0.217
2000-01,8,Jason Kidd,27,PHO,0,18,1240,0.015,77,39.8,16.9,6.4,9.8,2.2,0.3,0.41100000000000003,0.297,0.8140000000000001,9.6,0.15
2000-01,9,Kobe Bryant,22,LAL,0,11,1240,0.009,68,40.9,28.5,5.9,5,1.7,0.6,0.46399999999999997,0.305,0.853,11.3,0.196
2000-01,10,David Robinson,35,SAS,0,8,1240,0.006,80,29.6,14.4,8.6,1.5,1,2.5,0.486,0,0.747,12.1,0.24600000000000002
2000-01,11T,Ray Allen,25,MIL,0,7,1240,0.006,82,38.2,22,5.2,4.6,1.5,0.2,0.48,0.433,0.888,13.7,0.21100000000000002
2000-01,11T,Vince Carter,24,TOR,0,7,1240,0.006,75,39.7,27.6,5.5,3.9,1.5,1.1,0.46,0.408,0.765,12.9,0.20800000000000002
2000-01,13,Paul Pierce,23,BOS,0,5,1240,0.004,82,38,25.3,6.4,3.1,1.7,0.8,0.45399999999999996,0.38299999999999995,0.745,10.4,0.16
2000-01,14,Jerry Stackhouse,26,DET,0,3,1240,0.002,80,40.2,29.8,3.9,5.1,1.2,0.7,0.402,0.35100000000000003,0.8220000000000001,9.2,0.13699999999999998
2000-01,15T,Michael Finley,27,DAL,0,1,1240,0.001,82,42,21.5,5.2,4.4,1.4,0.4,0.45799999999999996,0.34600000000000003,0.775,8.5,0.11900000000000001
2000-01,15T,Anthony Mason,34,MIA,0,1,1240,0.001,80,40.7,16.1,9.6,3.1,1,0.3,0.48200000000000004,,0.7809999999999999,11.6,0.171
2000-01,15T,John Stockton,38,UTA,0,1,1240,0.001,82,29.2,11.5,2.8,8.7,1.6,0.3,0.504,0.462,0.8170000000000001,10.8,0.21600000000000003
2001-02,1,Tim Duncan,25,SAS,57,954,1260,0.757,82,40.6,25.5,12.7,3.7,0.7,2.5,0.508,0.1,0.799,17.8,0.257
2001-02,2,Jason Kidd,28,NJN,45,897,1260,0.7120000000000001,82,37.3,14.7,7.3,9.9,2.1,0.2,0.391,0.321,0.8140000000000001,8.9,0.14
2001-02,3,Shaquille O'Neal,29,LAL,15,696,1260,0.552,67,36.1,27.2,10.7,3,0.6,2,0.579,0,0.555,13.2,0.262
2001-02,4,Tracy McGrady,22,ORL,7,390,1260,0.31,76,38.3,25.6,7.9,5.3,1.6,1,0.451,0.364,0.748,11.5,0.18899999999999997
2001-02,5,Kobe Bryant,23,LAL,1,98,1260,0.078,80,38.3,25.2,5.5,5.5,1.5,0.4,0.469,0.25,0.8290000000000001,12.7,0.19899999999999998
2001-02,6,Gary Payton,33,SEA,1,54,1260,0.043,82,40.3,22.1,4.8,9,1.6,0.3,0.467,0.314,0.797,12.6,0.183
2001-02,7,Chris Webber,28,SAC,0,37,1260,0.028999999999999998,54,38.4,24.5,10.1,4.8,1.7,1.4,0.495,0.263,0.7490000000000001,8.6,0.2
2001-02,8,Dirk Nowitzki,23,DAL,0,31,1260,0.025,76,38,23.4,9.9,2.4,1.1,1,0.47700000000000004,0.397,0.853,13.4,0.222
2001-02,9,Allen Iverson,26,PHI,0,29,1260,0.023,60,43.7,31.4,4.5,5.5,2.8,0.2,0.39799999999999996,0.29100000000000004,0.812,6.9,0.126
2001-02,10,Ben Wallace,27,DET,0,24,1260,0.019,80,36.5,7.6,13,1.4,1.7,3.5,0.531,0,0.423,11.6,0.19
2001-02,11,Paul Pierce,24,BOS,0,22,1260,0.017,82,40.3,26.1,6.9,3.2,1.9,1,0.442,0.40399999999999997,0.809,12.9,0.187
2001-02,12,Kevin Garnett,25,MIN,0,17,1260,0.013000000000000001,81,39.2,21.2,12.1,5.2,1.2,1.6,0.47,0.319,0.8009999999999999,12.8,0.19399999999999998
2001-02,13,Michael Jordan,38,WAS,0,16,1260,0.013000000000000001,60,34.9,22.9,5.7,5.2,1.4,0.4,0.41600000000000004,0.18899999999999997,0.79,3.3,0.075
2001-02,14,Steve Nash,27,DAL,0,5,1260,0.004,82,34.6,17.9,3.1,7.7,0.6,0,0.483,0.455,0.887,9.9,0.16699999999999998
2001-02,15,Jerry Stackhouse,27,DET,0,3,1260,0.002,76,35.3,21.4,4.1,5.3,1,0.5,0.397,0.287,0.858,5.8,0.10400000000000001
2001-02,16T,Mike Bibby,23,SAC,0,1,1260,0.001,80,33.2,13.7,2.8,5,1.1,0.2,0.45299999999999996,0.37,0.8029999999999999,6.3,0.113
2001-02,16T,Elton Brand,22,LAC,0,1,1260,0.001,80,37.8,18.2,11.6,2.4,1,2,0.527,,0.742,13.6,0.21600000000000003
2001-02,16T,Peja Stojakovic,24,SAC,0,1,1260,0.001,71,37.3,21.2,5.3,2.5,1.1,0.2,0.484,0.41600000000000004,0.8759999999999999,9.9,0.179
2002-03,1,Tim Duncan,26,SAS,60,962,1190,0.8079999999999999,81,39.3,23.3,12.9,3.9,0.7,2.9,0.513,0.273,0.71,16.5,0.248
2002-03,2,Kevin Garnett,26,MIN,43,871,1190,0.732,82,40.5,23,13.4,6,1.4,1.6,0.502,0.282,0.7509999999999999,15.6,0.225
2002-03,3,Kobe Bryant,24,LAL,8,496,1190,0.41700000000000004,82,41.5,30,6.9,5.9,2.2,0.8,0.451,0.38299999999999995,0.843,14.9,0.21
2002-03,4,Tracy McGrady,23,ORL,4,427,1190,0.359,75,39.4,32.1,6.5,5.5,1.7,0.8,0.457,0.386,0.7929999999999999,16.1,0.262
2002-03,5,Shaquille O'Neal,30,LAL,3,126,1190,0.106,67,37.8,27.5,11.1,3.1,0.6,2.4,0.574,,0.622,13.2,0.25
2002-03,6,Allen Iverson,27,PHI,0,83,1190,0.07,82,42.5,27.6,4.2,5.5,2.7,0.2,0.414,0.27699999999999997,0.774,9.2,0.127
2002-03,7,Dirk Nowitzki,24,DAL,0,43,1190,0.036000000000000004,80,39,25.1,9.9,3,1.4,1,0.46299999999999997,0.379,0.8809999999999999,16.1,0.249
2002-03,8,Ben Wallace,28,DET,1,33,1190,0.027999999999999997,73,39.4,6.9,15.4,1.6,1.4,3.2,0.48100000000000004,0.16699999999999998,0.45,10.6,0.17600000000000002
2002-03,9,Jason Kidd,29,NJN,0,31,1190,0.026000000000000002,80,37.4,18.7,6.3,8.9,2.2,0.3,0.414,0.341,0.841,11.3,0.182
2002-03,10,Chris Webber,29,SAC,0,19,1190,0.016,67,39.1,23,10.5,5.4,1.6,1.3,0.461,0.23800000000000002,0.607,6.9,0.127
2002-03,11T,Jamal Mashburn,30,NOH,0,1,1190,0.001,82,40.5,21.6,6.1,5.6,1,0.2,0.42200000000000004,0.389,0.848,9,0.13
2002-03,11T,Steve Nash,28,DAL,0,1,1190,0.001,82,33.1,17.7,2.9,7.3,1,0.1,0.465,0.413,0.909,11.6,0.20600000000000002
2002-03,11T,Paul Pierce,25,BOS,0,1,1190,0.001,79,39.2,25.9,7.3,4.4,1.8,0.8,0.41600000000000004,0.302,0.802,10.1,0.157
2003-04,1,Kevin Garnett,27,MIN,120,1219,1230,0.991,82,39.4,24.2,13.9,5,1.5,2.2,0.499,0.256,0.7909999999999999,18.3,0.272
2003-04,2,Tim Duncan,27,SAS,0,716,1230,0.5820000000000001,69,36.6,22.3,12.4,3.1,0.9,2.7,0.501,0.16699999999999998,0.599,13.1,0.249
2003-04,3,Jermaine O'Neal,25,IND,2,523,1230,0.425,78,35.7,20.1,10,2.1,0.8,2.6,0.434,0.111,0.757,9,0.155
2003-04,4,Peja Stojakovic,26,SAC,1,281,1230,0.228,81,40.3,24.2,6.3,2.1,1.3,0.2,0.48,0.433,0.927,13.5,0.198
2003-04,5,Kobe Bryant,25,LAL,0,212,1230,0.172,65,37.6,24,5.5,5.1,1.7,0.4,0.43799999999999994,0.327,0.852,10.7,0.21
2003-04,6,Shaquille O'Neal,31,LAL,0,178,1230,0.145,67,36.8,21.5,11.5,2.9,0.5,2.5,0.584,,0.49,9.9,0.192
2003-04,7,Ben Wallace,29,DET,0,24,1230,0.02,81,37.7,9.5,12.4,1.7,1.8,3,0.42100000000000004,0.125,0.49,10.2,0.16
2003-04,8,Jason Kidd,30,NJN,0,17,1230,0.013999999999999999,67,36.6,15.5,6.4,9.2,1.8,0.2,0.384,0.321,0.8270000000000001,7.2,0.141
2003-04,9,LeBron James,19,CLE,0,11,1230,0.009,79,39.5,20.9,5.5,5.9,1.6,0.7,0.41700000000000004,0.29,0.754,5.1,0.078
2003-04,10T,Sam Cassell,34,MIN,0,4,1230,0.003,81,35,19.8,3.3,7.3,1.3,0.2,0.488,0.39799999999999996,0.873,12.1,0.205
2003-04,10T,Baron Davis,24,NOH,0,4,1230,0.003,67,40.1,22.9,4.3,7.5,2.4,0.4,0.395,0.321,0.6729999999999999,7.5,0.133
2003-04,10T,Dirk Nowitzki,25,DAL,0,4,1230,0.003,77,37.9,21.8,8.7,2.7,1.2,1.4,0.462,0.341,0.877,11.5,0.19
2003-04,13,Andrei Kirilenko,22,UTA,0,2,1230,0.002,78,37.1,16.5,8.1,3.1,1.9,2.8,0.44299999999999995,0.33799999999999997,0.79,11.6,0.192
2003-04,14T,Carmelo Anthony,19,DEN,0,1,1230,0.001,82,36.5,21,6.1,2.8,1.2,0.5,0.426,0.322,0.777,6.1,0.098
2003-04,14T,Yao Ming,23,HOU,0,1,1230,0.001,82,32.8,17.5,9,1.5,0.3,1.9,0.522,0,0.809,11.4,0.20199999999999999
2003-04,14T,Michael Redd,24,MIL,0,1,1230,0.001,82,36.8,21.7,5,2.3,1,0.1,0.44,0.35,0.868,9.7,0.154
2004-05,1,Steve Nash,30,PHO,65,1066,1270,0.8390000000000001,75,34.3,15.5,3.3,11.5,1,0.1,0.502,0.431,0.887,10.9,0.203
2004-05,2,Shaquille O'Neal,32,MIA,58,1032,1270,0.813,73,34.1,22.9,10.4,2.7,0.5,2.3,0.601,,0.461,11,0.21100000000000002
2004-05,3,Dirk Nowitzki,26,DAL,0,349,1270,0.275,78,38.7,26.1,9.7,3.1,1.2,1.5,0.45899999999999996,0.39899999999999997,0.8690000000000001,15.6,0.248
2004-05,4,Tim Duncan,28,SAS,1,328,1270,0.258,66,33.4,20.3,11.1,2.7,0.7,2.6,0.496,0.33299999999999996,0.67,11.2,0.245
2004-05,5,Allen Iverson,29,PHI,2,240,1270,0.18899999999999997,75,42.3,30.7,4,7.9,2.4,0.1,0.424,0.308,0.835,9,0.136
2004-05,6,LeBron James,20,CLE,0,93,1270,0.073,80,42.4,27.2,7.4,7.2,2.2,0.7,0.47200000000000003,0.35100000000000003,0.75,14.3,0.203
2004-05,7,Tracy McGrady,25,HOU,0,44,1270,0.035,78,40.8,25.7,6.2,5.7,1.7,0.7,0.431,0.326,0.774,12,0.18
2004-05,8,Dwyane Wade,23,MIA,0,43,1270,0.034,77,38.6,24.1,5.2,6.8,1.6,1.1,0.478,0.289,0.762,11,0.177
2004-05,9T,Amar'e Stoudemire,22,PHO,1,41,1270,0.032,80,36.1,26,8.9,1.6,1,1.6,0.5589999999999999,0.188,0.733,14.6,0.243
2004-05,9T,Ray Allen,29,SEA,0,41,1270,0.032,78,39.3,23.9,4.4,3.7,1.1,0.1,0.428,0.376,0.883,10.7,0.168
2004-05,11,Kevin Garnett,28,MIN,0,15,1270,0.012,82,38.1,22.2,13.5,5.7,1.5,1.4,0.502,0.24,0.8109999999999999,16.1,0.248
2004-05,12,Gilbert Arenas,23,WAS,0,4,1270,0.003,80,40.9,25.5,4.7,5.1,1.7,0.3,0.431,0.365,0.8140000000000001,11.5,0.16899999999999998
2004-05,13,Vince Carter,28,TOT,0,3,1270,0.002,77,36.7,24.5,5.2,4.2,1.4,0.6,0.452,0.406,0.7979999999999999,9.4,0.159
2004-05,14T,P.J. Brown,35,NOH,0,1,1270,0.001,82,34.4,10.8,9,2.2,0.9,0.6,0.446,,0.8640000000000001,6.9,0.11800000000000001
2004-05,14T,Marcus Camby,30,DEN,0,1,1270,0.001,66,30.5,10.3,10,2.3,0.9,3,0.465,0,0.723,5.8,0.138
2004-05,14T,Shawn Marion,26,PHO,0,1,1270,0.001,81,38.8,19.4,11.3,1.9,2,1.5,0.47600000000000003,0.33399999999999996,0.833,12.5,0.191
2005-06,1,Steve Nash,31,PHO,57,924,1250,0.7390000000000001,79,35.4,18.8,4.2,10.5,0.8,0.2,0.512,0.439,0.9209999999999999,12.4,0.212
2005-06,2,LeBron James,21,CLE,16,688,1250,0.55,79,42.5,31.4,7,6.6,1.6,0.8,0.48,0.335,0.738,16.3,0.23199999999999998
2005-06,3,Dirk Nowitzki,27,DAL,14,544,1250,0.435,81,38.1,26.6,9,2.8,0.7,1,0.48,0.406,0.9009999999999999,17.7,0.275
2005-06,4,Kobe Bryant,27,LAL,22,483,1250,0.386,80,41,35.4,5.3,4.5,1.8,0.4,0.45,0.34700000000000003,0.85,15.3,0.22399999999999998
2005-06,5,Chauncey Billups,29,DET,15,430,1250,0.344,81,36.1,18.5,3.1,8.6,0.9,0.1,0.418,0.433,0.894,15.5,0.254
2005-06,6,Dwyane Wade,24,MIA,0,87,1250,0.07,75,38.6,27.2,5.7,6.7,1.9,0.8,0.495,0.171,0.7829999999999999,14.4,0.239
2005-06,7,Elton Brand,26,LAC,1,50,1250,0.04,79,39.2,24.7,10,2.6,1,2.5,0.527,0.33299999999999996,0.775,14.8,0.22899999999999998
2005-06,8,Tim Duncan,29,SAS,0,33,1250,0.026000000000000002,80,34.8,18.6,11,3.2,0.9,2,0.484,0.4,0.629,10.8,0.187
2005-06,9,Tony Parker,23,SAS,0,9,1250,0.007,80,33.9,18.9,3.3,5.8,1,0.1,0.5479999999999999,0.306,0.7070000000000001,9.6,0.16899999999999998
2005-06,10T,Allen Iverson,30,PHI,0,1,1250,0.001,72,43.1,33,3.2,7.4,1.9,0.1,0.447,0.32299999999999995,0.8140000000000001,10.6,0.165
2005-06,10T,Shawn Marion,27,PHO,0,1,1250,0.001,81,40.3,21.8,11.8,1.8,2,1.7,0.525,0.331,0.809,14.6,0.214
2006-07,1,Dirk Nowitzki,28,DAL,83,1138,1290,0.882,78,36.2,24.6,8.9,3.4,0.7,0.8,0.502,0.41600000000000004,0.904,16.3,0.278
2006-07,2,Steve Nash,32,PHO,44,1013,1290,0.785,76,35.3,18.6,3.5,11.6,0.8,0.1,0.532,0.455,0.899,12.6,0.225
2006-07,3,Kobe Bryant,28,LAL,2,521,1290,0.40399999999999997,77,40.8,31.6,5.7,5.4,1.4,0.5,0.46299999999999997,0.344,0.868,13,0.19899999999999998
2006-07,4,Tim Duncan,30,SAS,0,286,1290,0.222,80,34.1,20,10.6,3.4,0.8,2.4,0.546,0.111,0.637,13,0.23
2006-07,5,LeBron James,22,CLE,0,183,1290,0.142,78,40.9,27.3,6.7,6,1.6,0.7,0.47600000000000003,0.319,0.698,13.7,0.20600000000000002
2006-07,6,Tracy McGrady,27,HOU,0,110,1290,0.085,71,35.8,24.6,5.3,6.5,1.3,0.5,0.431,0.331,0.7070000000000001,8.6,0.163
2006-07,7,Chris Bosh,22,TOR,0,43,1290,0.033,69,38.5,22.6,10.7,2.5,0.6,1.3,0.496,0.34299999999999997,0.785,9.6,0.174
2006-07,8,Gilbert Arenas,25,WAS,0,31,1290,0.024,74,39.8,28.4,4.6,6,1.9,0.2,0.418,0.35100000000000003,0.8440000000000001,10.8,0.177
2006-07,9T,Carlos Boozer,25,UTA,0,7,1290,0.005,74,34.6,20.9,11.7,3,0.9,0.3,0.561,,0.685,9.9,0.185
2006-07,9T,Kevin Garnett,30,MIN,0,7,1290,0.005,76,39.4,22.4,12.8,4.1,1.2,1.7,0.47600000000000003,0.214,0.835,10.7,0.171
2006-07,11,Chauncey Billups,30,DET,0,4,1290,0.003,70,36.2,17,3.4,7.2,1.2,0.2,0.42700000000000005,0.345,0.883,11.4,0.21600000000000003
2006-07,12T,Shaquille O'Neal,34,MIA,0,3,1290,0.002,40,28.4,17.3,7.4,2,0.2,1.4,0.591,,0.42200000000000004,2.8,0.11900000000000001
2006-07,12T,Dwyane Wade,25,MIA,0,3,1290,0.002,51,37.9,27.4,4.7,7.5,2.1,1.2,0.491,0.266,0.807,8.8,0.21899999999999997
2006-07,14,Amar'e Stoudemire,24,PHO,0,2,1290,0.002,82,32.8,20.4,9.6,1,1,1.3,0.575,0,0.7809999999999999,11.2,0.201
2006-07,15T,Carmelo Anthony,22,DEN,0,1,1290,0.001,65,38.2,28.9,6,3.8,1.2,0.4,0.47600000000000003,0.268,0.8079999999999999,7.3,0.14
2006-07,15T,Baron Davis,27,GSW,0,1,1290,0.001,63,35.3,20.1,4.4,8.1,2.1,0.5,0.439,0.304,0.745,6.4,0.139
2006-07,15T,Tony Parker,24,SAS,0,1,1290,0.001,77,32.5,18.6,3.2,5.5,1.1,0.1,0.52,0.395,0.7829999999999999,9.6,0.185
2007-08,1,Kobe Bryant,29,LAL,82,1100,1260,0.873,82,38.9,28.3,6.3,5.4,1.8,0.5,0.45899999999999996,0.361,0.84,13.8,0.20800000000000002
2007-08,2,Chris Paul,22,NOH,28,894,1260,0.71,80,37.6,21.1,4,11.6,2.7,0.1,0.488,0.369,0.851,17.8,0.284
2007-08,3,Kevin Garnett,31,BOS,15,670,1260,0.532,71,32.8,18.8,9.2,3.4,1.4,1.3,0.539,0,0.8009999999999999,12.9,0.265
2007-08,4,LeBron James,23,CLE,1,438,1260,0.348,75,40.4,30,7.9,7.2,1.8,1.1,0.484,0.315,0.7120000000000001,15.2,0.242
2007-08,5,Dwight Howard,22,ORL,0,60,1260,0.048,82,37.7,20.7,14.2,1.3,0.9,2.1,0.599,0,0.59,12.9,0.2
2007-08,6,Amar'e Stoudemire,25,PHO,0,27,1260,0.021,79,33.9,25.2,9.1,1.5,0.8,2.1,0.59,0.161,0.805,14.6,0.262
2007-08,7,Tim Duncan,31,SAS,0,25,1260,0.02,78,34,19.3,11.3,2.8,0.7,1.9,0.49700000000000005,0,0.73,11.1,0.201
2007-08,8,Tracy McGrady,28,HOU,0,19,1260,0.015,66,37,21.6,5.1,5.9,1,0.5,0.419,0.292,0.684,5.8,0.115
2007-08,9,Steve Nash,33,PHO,0,18,1260,0.013999999999999999,81,34.3,16.9,3.5,11.1,0.7,0.1,0.504,0.47,0.9059999999999999,10.5,0.18100000000000002
2007-08,10,Manu Ginobili,30,SAS,0,9,1260,0.007,74,31.1,19.5,4.8,4.5,1.5,0.4,0.46,0.401,0.86,11.1,0.23199999999999998
2007-08,11,Dirk Nowitzki,29,DAL,0,5,1260,0.004,77,36,23.6,8.6,3.5,0.7,0.9,0.479,0.359,0.879,12.9,0.223
2007-08,12,Deron Williams,23,UTA,0,4,1260,0.003,82,37.3,18.8,3,10.5,1.1,0.3,0.507,0.395,0.8029999999999999,11.3,0.177
2007-08,13,Carmelo Anthony,23,DEN,0,3,1260,0.002,77,36.4,25.7,7.4,3.4,1.3,0.5,0.49200000000000005,0.354,0.7859999999999999,8.2,0.14
2007-08,14T,Carlos Boozer,26,UTA,0,1,1260,0.001,81,34.9,21.1,10.4,2.9,1.2,0.5,0.547,0,0.738,10.2,0.17300000000000001
2007-08,14T,Antawn Jamison,31,WAS,0,1,1260,0.001,79,38.7,21.4,10.2,1.5,1.3,0.4,0.436,0.33899999999999997,0.76,9.2,0.14400000000000002
2007-08,14T,Paul Pierce,30,BOS,0,1,1260,0.001,80,35.9,19.6,5.1,4.5,1.3,0.5,0.46399999999999997,0.392,0.843,12.4,0.207
2007-08,14T,Rasheed Wallace,33,DET,0,1,1260,0.001,77,30.5,12.7,6.6,1.8,1.2,1.7,0.43200000000000005,0.35600000000000004,0.767,7.6,0.155
2008-09,1,LeBron James,24,CLE,109,1172,1210,0.9690000000000001,81,37.7,28.4,7.6,7.2,1.7,1.1,0.489,0.344,0.78,20.3,0.318
2008-09,2,Kobe Bryant,30,LAL,2,698,1210,0.5770000000000001,82,36.1,26.8,5.2,4.9,1.5,0.5,0.467,0.35100000000000003,0.856,12.7,0.20600000000000002
2008-09,3,Dwyane Wade,27,MIA,7,680,1210,0.562,79,38.6,30.2,5,7.5,2.2,1.3,0.491,0.317,0.765,14.7,0.23199999999999998
2008-09,4,Dwight Howard,23,ORL,1,328,1210,0.271,79,35.7,20.6,13.8,1.4,1,2.9,0.5720000000000001,0,0.594,13.8,0.23399999999999999
2008-09,5,Chris Paul,23,NOH,2,192,1210,0.159,78,38.5,22.8,5.5,11,2.8,0.1,0.503,0.364,0.868,18.3,0.292
2008-09,6,Chauncey Billups,32,TOT,0,33,1210,0.027000000000000003,79,35.3,17.7,3,6.4,1.2,0.2,0.418,0.408,0.9129999999999999,10.1,0.174
2008-09,7,Paul Pierce,31,BOS,0,21,1210,0.017,81,37.5,20.5,5.6,3.6,1,0.3,0.457,0.391,0.83,10.3,0.16399999999999998
2008-09,8,Tony Parker,26,SAS,0,9,1210,0.007,72,34.1,22,3.1,6.9,0.9,0.1,0.506,0.292,0.782,8.6,0.168
2008-09,9,Brandon Roy,24,POR,0,7,1210,0.006,78,37.2,22.6,4.7,5.1,1.1,0.3,0.48,0.377,0.8240000000000001,13.5,0.223
2008-09,10,Dirk Nowitzki,30,DAL,0,3,1210,0.002,81,37.7,25.9,8.4,2.4,0.8,0.8,0.479,0.359,0.89,10.9,0.171
2008-09,11,Tim Duncan,32,SAS,0,2,1210,0.002,75,33.7,19.3,10.7,3.5,0.5,1.7,0.504,0,0.6920000000000001,10.1,0.191
2008-09,12,Yao Ming,28,HOU,0,1,1210,0.001,77,33.6,19.7,9.9,1.8,0.4,1.9,0.5479999999999999,1,0.866,10.6,0.196
2009-10,1,LeBron James,25,CLE,116,1205,1230,0.98,76,39,29.7,7.3,8.6,1.6,1,0.503,0.33299999999999996,0.767,18.5,0.299
2009-10,2,Kevin Durant,21,OKC,4,609,1230,0.495,82,39.5,30.1,7.6,2.8,1.4,1,0.47600000000000003,0.365,0.9,16.1,0.23800000000000002
2009-10,3,Kobe Bryant,31,LAL,0,599,1230,0.48700000000000004,73,38.8,27,5.4,5,1.5,0.3,0.456,0.32899999999999996,0.8109999999999999,9.4,0.16
2009-10,4,Dwight Howard,24,ORL,3,478,1230,0.389,82,34.7,18.3,13.2,1.8,0.9,2.8,0.612,0,0.5920000000000001,13.2,0.223
2009-10,5,Dwyane Wade,28,MIA,0,119,1230,0.097,77,36.3,26.6,4.8,6.5,1.8,1.1,0.47600000000000003,0.3,0.7609999999999999,13,0.22399999999999998
2009-10,6,Carmelo Anthony,25,DEN,0,65,1230,0.053,69,38.2,28.2,6.6,3.2,1.3,0.4,0.45799999999999996,0.316,0.83,7.9,0.145
2009-10,7,Dirk Nowitzki,31,DAL,0,55,1230,0.045,81,37.5,25,7.7,2.7,0.9,1,0.48100000000000004,0.42100000000000004,0.915,12.3,0.19399999999999998
2009-10,8,Steve Nash,35,PHO,0,49,1230,0.04,81,32.8,16.5,3.3,11,0.5,0.1,0.507,0.426,0.938,9.9,0.17800000000000002
2009-10,9,Deron Williams,25,UTA,0,7,1230,0.006,76,36.9,18.7,4,10.5,1.3,0.2,0.469,0.371,0.8009999999999999,10.3,0.177
2009-10,10,Amar'e Stoudemire,27,PHO,0,5,1230,0.004,82,34.6,23.1,8.9,1,0.6,1,0.557,0.16699999999999998,0.7709999999999999,10.7,0.18100000000000002
2009-10,11,Manu Ginobili,32,SAS,0,3,1230,0.002,75,28.7,16.5,3.8,4.9,1.4,0.3,0.441,0.377,0.87,9.7,0.21600000000000003
2009-10,12T,Chauncey Billups,33,DEN,0,1,1230,0.001,73,34.1,19.5,3.1,5.6,1.1,0.1,0.418,0.386,0.91,9.5,0.182
2009-10,12T,Chris Bosh,25,TOR,0,1,1230,0.001,70,36.1,24,10.8,2.4,0.6,1,0.518,0.364,0.797,9.6,0.182
2009-10,12T,Stephen Jackson,31,TOT,0,1,1230,0.001,81,38.6,20.6,5,3.7,1.6,0.5,0.423,0.32799999999999996,0.779,5,0.077
2009-10,12T,Joe Johnson,28,ATL,0,1,1230,0.001,76,38,21.3,4.6,4.9,1.1,0.1,0.45799999999999996,0.369,0.818,8.4,0.14
2010-11,1,Derrick Rose,22,CHI,113,1182,1210,0.977,81,37.4,25,4.1,7.7,1,0.6,0.445,0.332,0.858,13.1,0.20800000000000002
2010-11,2,Dwight Howard,25,ORL,3,643,1210,0.531,78,37.6,22.9,14.1,1.4,1.4,2.4,0.593,0,0.596,14.4,0.235
2010-11,3,LeBron James,26,MIA,4,522,1210,0.431,79,38.8,26.7,7.5,7,1.6,0.6,0.51,0.33,0.759,15.6,0.244
2010-11,4,Kobe Bryant,32,LAL,1,428,1210,0.354,82,33.9,25.3,5.1,4.7,1.2,0.1,0.451,0.32299999999999995,0.828,10.3,0.17800000000000002
2010-11,5,Kevin Durant,22,OKC,0,190,1210,0.157,78,38.9,27.7,6.8,2.7,1.1,1,0.462,0.35,0.88,12,0.18899999999999997
2010-11,6,Dirk Nowitzki,32,DAL,0,113,1210,0.093,73,34.3,23,7,2.6,0.5,0.6,0.517,0.39299999999999996,0.892,11.1,0.213
2010-11,7,Dwyane Wade,29,MIA,0,24,1210,0.02,76,37.1,25.5,6.4,4.6,1.5,1.1,0.5,0.306,0.758,12.8,0.218
2010-11,8,Manu Ginobili,33,SAS,0,20,1210,0.017,80,30.3,17.4,3.7,4.9,1.5,0.4,0.433,0.349,0.871,9.9,0.195
2010-11,9,Amar'e Stoudemire,28,NYK,0,9,1210,0.007,78,36.8,25.3,8.2,2.6,0.9,1.9,0.502,0.435,0.792,8,0.134
2010-11,10T,Blake Griffin,21,LAC,0,5,1210,0.004,82,38,22.5,12.1,3.8,0.8,0.5,0.506,0.292,0.642,9.8,0.152
2010-11,10T,Rajon Rondo,24,BOS,0,5,1210,0.004,68,37.2,10.6,4.4,11.2,2.3,0.2,0.475,0.233,0.568,6.6,0.126
2010-11,12,Tony Parker,28,SAS,0,3,1210,0.002,78,32.4,17.5,3.1,6.6,1.2,0,0.519,0.35700000000000004,0.769,8.2,0.156
2010-11,13,Chris Paul,25,NOH,0,2,1210,0.002,80,36,15.9,4.1,9.8,2.4,0.1,0.46299999999999997,0.38799999999999996,0.878,13.9,0.23199999999999998
2011-12,1,LeBron James,27,MIA,85,1074,1210,0.888,62,37.5,27.1,7.9,6.2,1.9,0.8,0.531,0.36200000000000004,0.7709999999999999,14.5,0.298
2011-12,2,Kevin Durant,23,OKC,24,889,1210,0.735,66,38.6,28,8,3.5,1.3,1.2,0.496,0.387,0.86,12.2,0.23
2011-12,3,Chris Paul,26,LAC,6,385,1210,0.318,60,36.4,19.8,3.6,9.1,2.5,0.1,0.478,0.371,0.861,12.7,0.278
2011-12,4,Kobe Bryant,33,LAL,2,352,1210,0.29100000000000004,58,38.5,27.9,5.4,4.6,1.2,0.3,0.43,0.303,0.845,6.2,0.132
2011-12,5,Tony Parker,29,SAS,4,331,1210,0.27399999999999997,60,32.1,18.3,2.9,7.7,1,0.1,0.48,0.23,0.799,7.1,0.177
2011-12,6,Kevin Love,23,MIN,0,58,1210,0.048,55,39,26,13.3,2,0.9,0.5,0.44799999999999995,0.37200000000000005,0.8240000000000001,10,0.223
2011-12,7,Dwight Howard,26,ORL,0,13,1210,0.011000000000000001,54,38.3,20.6,14.5,1.9,1.5,2.1,0.573,0,0.491,7.7,0.179
2011-12,8,Rajon Rondo,25,BOS,0,12,1210,0.01,53,36.9,11.9,4.8,11.7,1.8,0.1,0.44799999999999995,0.23800000000000002,0.597,4.9,0.121
2011-12,9,Steve Nash,37,PHO,0,7,1210,0.006,62,31.6,12.5,3,10.7,0.6,0.1,0.532,0.39,0.894,5.9,0.14400000000000002
2011-12,10,Dwyane Wade,30,MIA,0,6,1210,0.005,49,33.2,22.1,4.8,4.6,1.7,1.3,0.49700000000000005,0.268,0.7909999999999999,7.7,0.22699999999999998
2011-12,11,Derrick Rose,23,CHI,0,5,1210,0.004,39,35.3,21.8,3.4,7.9,0.9,0.7,0.435,0.312,0.812,6,0.21100000000000002
2011-12,12T,Dirk Nowitzki,33,DAL,0,4,1210,0.003,62,33.5,21.6,6.7,2.2,0.7,0.5,0.457,0.368,0.8959999999999999,7.6,0.175
2011-12,12T,Russell Westbrook,23,OKC,0,4,1210,0.003,66,35.3,23.6,4.6,5.5,1.7,0.3,0.457,0.316,0.823,7.9,0.163
2011-12,14,Tim Duncan,35,SAS,0,3,1210,0.002,58,28.2,15.4,9,2.3,0.7,1.5,0.49200000000000005,0,0.695,5.9,0.174
2011-12,15,Joe Johnson,30,ATL,0,1,1210,0.001,60,35.5,18.8,3.7,3.9,0.8,0.2,0.45399999999999996,0.38799999999999996,0.8490000000000001,6.4,0.145
2012-13,1,LeBron James,28,MIA,120,1207,1210,0.998,76,37.9,26.8,8,7.3,1.7,0.9,0.565,0.406,0.753,19.3,0.322
2012-13,2,Kevin Durant,24,OKC,0,765,1210,0.632,81,38.5,28.1,7.9,4.6,1.4,1.3,0.51,0.41600000000000004,0.905,18.9,0.29100000000000004
2012-13,3,Carmelo Anthony,28,NYK,1,475,1210,0.39299999999999996,67,37,28.7,6.9,2.6,0.8,0.5,0.449,0.379,0.83,9.5,0.184
2012-13,4,Chris Paul,27,LAC,0,289,1210,0.239,70,33.4,16.9,3.7,9.7,2.4,0.1,0.48100000000000004,0.32799999999999996,0.885,13.9,0.287
2012-13,5,Kobe Bryant,34,LAL,0,184,1210,0.152,78,38.6,27.3,5.6,6,1.4,0.3,0.46299999999999997,0.324,0.8390000000000001,10.9,0.174
2012-13,6,Tony Parker,30,SAS,0,86,1210,0.071,66,32.9,20.3,3,7.6,0.8,0.1,0.522,0.353,0.845,9.3,0.20600000000000002
2012-13,7,Tim Duncan,36,SAS,0,65,1210,0.054000000000000006,69,30.1,17.8,9.9,2.7,0.7,2.7,0.502,0.28600000000000003,0.8170000000000001,8.3,0.191
2012-13,8,James Harden,23,HOU,0,33,1210,0.027000000000000003,78,38.3,25.9,4.9,5.8,1.8,0.5,0.43799999999999994,0.368,0.851,12.8,0.20600000000000002
2012-13,9,Russell Westbrook,24,OKC,0,9,1210,0.007,82,34.9,23.2,5.2,7.4,1.8,0.3,0.43799999999999994,0.32299999999999995,0.8,11.6,0.195
2012-13,10,Dwyane Wade,31,MIA,0,5,1210,0.004,69,34.7,21.2,5,5.1,1.9,0.8,0.521,0.258,0.725,9.6,0.192
2012-13,11,Stephen Curry,24,GSW,0,3,1210,0.002,78,38.2,22.9,4,6.9,1.6,0.2,0.451,0.45299999999999996,0.9,11.2,0.18
2012-13,12T,Kevin Garnett,36,BOS,0,1,1210,0.001,68,29.7,14.8,7.8,2.3,1.1,0.9,0.496,0.125,0.7859999999999999,5.6,0.133
2012-13,12T,Marc Gasol,28,MEM,0,1,1210,0.001,80,35,14.1,7.8,4,1,1.7,0.494,0.071,0.848,11.5,0.19699999999999998
2012-13,12T,Ty Lawson,25,DEN,0,1,1210,0.001,73,34.4,16.7,2.7,6.9,1.5,0.1,0.461,0.366,0.7559999999999999,7.4,0.141
2012-13,12T,David Lee,29,GSW,0,1,1210,0.001,79,36.8,18.5,11.2,3.5,0.8,0.3,0.519,0,0.797,9.1,0.15
2012-13,12T,Joakim Noah,27,CHI,0,1,1210,0.001,66,36.8,11.9,11.1,4,1.2,2.1,0.48100000000000004,0,0.7509999999999999,7.3,0.145
2013-14,1,Kevin Durant,25,OKC,119,1232,1250,0.986,81,38.5,32,7.4,5.5,1.3,0.7,0.503,0.391,0.873,19.2,0.295
2013-14,2,LeBron James,29,MIA,6,891,1250,0.713,77,37.7,27.1,6.9,6.3,1.6,0.3,0.5670000000000001,0.379,0.75,15.9,0.264
2013-14,3,Blake Griffin,24,LAC,0,434,1250,0.34700000000000003,80,35.8,24.1,9.5,3.9,1.2,0.6,0.528,0.273,0.715,12.2,0.205
2013-14,4,Joakim Noah,28,CHI,0,322,1250,0.258,80,35.3,12.6,11.3,5.4,1.2,1.5,0.475,0,0.737,11.2,0.19
2013-14,5,James Harden,24,HOU,0,85,1250,0.068,73,38,25.4,4.7,6.1,1.6,0.4,0.456,0.366,0.866,12.8,0.221
2013-14,6,Stephen Curry,25,GSW,0,66,1250,0.053,78,36.5,24,4.3,8.5,1.6,0.2,0.47100000000000003,0.424,0.885,13.4,0.225
2013-14,7,Chris Paul,28,LAC,0,45,1250,0.036000000000000004,62,35,19.1,4.3,10.7,2.5,0.1,0.467,0.368,0.855,12.2,0.27
2013-14,8,Al Jefferson,29,CHA,0,34,1250,0.027000000000000003,73,35,21.8,10.8,2.1,0.9,1.1,0.509,0.2,0.69,7.8,0.146
2013-14,9,Paul George,23,IND,0,33,1250,0.026000000000000002,80,36.2,21.7,6.8,3.5,1.9,0.3,0.424,0.364,0.8640000000000001,10.8,0.17800000000000002
2013-14,10,LaMarcus Aldridge,28,POR,0,26,1250,0.021,69,36.2,23.2,11.1,2.6,0.9,1,0.45799999999999996,0.2,0.8220000000000001,7.5,0.14400000000000002
2013-14,11,Kevin Love,25,MIN,0,25,1250,0.02,77,36.3,26.1,12.5,4.4,0.8,0.5,0.457,0.376,0.821,14.3,0.245
2013-14,12T,Tim Duncan,37,SAS,0,21,1250,0.017,74,29.2,15.1,9.7,3,0.6,1.9,0.49,0,0.731,7.4,0.16399999999999998
2013-14,12T,Tony Parker,31,SAS,0,21,1250,0.017,68,29.4,16.7,2.3,5.7,0.5,0.1,0.499,0.373,0.8109999999999999,5.9,0.141
2013-14,14,Dirk Nowitzki,35,DAL,0,7,1250,0.006,80,32.9,21.7,6.2,2.7,0.9,0.6,0.49700000000000005,0.39799999999999996,0.899,10.9,0.19899999999999998
2013-14,15,Carmelo Anthony,29,NYK,0,4,1250,0.003,77,38.7,27.4,8.1,3.1,1.2,0.7,0.452,0.402,0.848,10.7,0.172
2013-14,16,Goran Dragic,27,PHO,0,3,1250,0.002,76,35.1,20.3,3.2,5.9,1.4,0.3,0.505,0.408,0.76,10.3,0.18600000000000003
2013-14,17,Mike Conley,26,MEM,0,1,1250,0.001,73,33.5,17.2,2.9,6,1.5,0.2,0.45,0.361,0.815,8.2,0.161
2014-15,1,Stephen Curry,26,GSW,100,1198,1300,0.922,80,32.7,23.8,4.3,7.7,2,0.2,0.48700000000000004,0.44299999999999995,0.914,15.7,0.28800000000000003
2014-15,2,James Harden,25,HOU,25,936,1300,0.72,81,36.8,27.4,5.7,7,1.9,0.7,0.44,0.375,0.868,16.4,0.265
2014-15,3,LeBron James,30,CLE,5,552,1300,0.425,69,36.1,25.3,6,7.4,1.6,0.7,0.488,0.354,0.71,10.4,0.19899999999999998
2014-15,4,Russell Westbrook,26,OKC,0,352,1300,0.271,67,34.4,28.1,7.3,8.6,2.1,0.2,0.426,0.299,0.835,10.6,0.222
2014-15,5,Anthony Davis,21,NOP,0,203,1300,0.156,68,36.1,24.4,10.2,2.2,1.5,2.9,0.535,0.083,0.805,14,0.27399999999999997
2014-15,6,Chris Paul,29,LAC,0,124,1300,0.095,82,34.8,19.1,4.6,10.2,1.9,0.2,0.485,0.39799999999999996,0.9,16.1,0.27
2014-15,7,LaMarcus Aldridge,29,POR,0,6,1300,0.005,71,35.4,23.4,10.2,1.7,0.7,1,0.466,0.35200000000000004,0.845,8.6,0.165
2014-15,8T,Marc Gasol,30,MEM,0,3,1300,0.002,81,33.2,17.4,7.8,3.8,0.9,1.6,0.494,0.17600000000000002,0.795,10.2,0.182
2014-15,8T,Blake Griffin,25,LAC,0,3,1300,0.002,67,35.2,21.9,7.6,5.3,0.9,0.5,0.502,0.4,0.728,9,0.183
2014-15,10T,Tim Duncan,38,SAS,0,1,1300,0.001,77,28.9,13.9,9.1,3,0.8,2,0.512,0.28600000000000003,0.74,9.6,0.207
2014-15,10T,Kawhi Leonard,23,SAS,0,1,1300,0.001,64,31.8,16.5,7.2,2.5,2.3,0.8,0.479,0.349,0.802,8.6,0.204
2014-15,10T,Klay Thompson,24,GSW,0,1,1300,0.001,77,31.9,21.7,3.2,2.9,1.1,0.8,0.46299999999999997,0.439,0.879,8.8,0.172
2015-16,1,Stephen Curry,27,GSW,131,1310,1310,1,79,34.2,30.1,5.4,6.7,2.1,0.2,0.504,0.45399999999999996,0.9079999999999999,17.9,0.318
2015-16,2,Kawhi Leonard,24,SAS,0,634,1310,0.484,72,33.1,21.2,6.8,2.6,1.8,1,0.506,0.44299999999999995,0.8740000000000001,13.7,0.27699999999999997
2015-16,3,LeBron James,31,CLE,0,631,1310,0.48200000000000004,76,35.6,25.3,7.4,6.8,1.4,0.6,0.52,0.309,0.731,13.6,0.242
2015-16,4,Russell Westbrook,27,OKC,0,486,1310,0.371,80,34.4,23.5,7.8,10.4,2,0.3,0.45399999999999996,0.29600000000000004,0.812,14,0.245
2015-16,5,Kevin Durant,27,OKC,0,147,1310,0.11199999999999999,72,35.8,28.2,8.2,5,1,1.2,0.505,0.387,0.898,14.5,0.27
2015-16,6,Chris Paul,30,LAC,0,107,1310,0.082,74,32.7,19.5,4.2,10,2.1,0.2,0.462,0.371,0.8959999999999999,12.7,0.253
2015-16,7,Draymond Green,25,GSW,0,50,1310,0.038,81,34.7,14,9.5,7.4,1.5,1.4,0.49,0.38799999999999996,0.696,11.1,0.19
2015-16,8,Damian Lillard,25,POR,0,26,1310,0.02,75,35.7,25.1,4,6.8,0.9,0.4,0.419,0.375,0.892,9.2,0.165
2015-16,9,James Harden,26,HOU,0,9,1310,0.007,82,38.1,29,6.1,7.5,1.7,0.6,0.439,0.359,0.86,13.3,0.204
2015-16,10,Kyle Lowry,29,TOR,0,6,1310,0.005,77,37,21.2,4.7,6.4,2.1,0.4,0.42700000000000005,0.38799999999999996,0.8109999999999999,11.6,0.196
2016-17,1,Russell Westbrook,28,OKC,69,888,1010,0.879,81,34.6,31.6,10.7,10.4,1.6,0.4,0.425,0.34299999999999997,0.845,13.1,0.22399999999999998
2016-17,2,James Harden,27,HOU,22,753,1010,0.746,81,36.4,29.1,8.1,11.2,1.5,0.5,0.44,0.34700000000000003,0.847,15,0.245
2016-17,3,Kawhi Leonard,25,SAS,9,500,1010,0.495,74,33.4,25.5,5.8,3.5,1.8,0.7,0.485,0.38,0.88,13.6,0.264
2016-17,4,LeBron James,32,CLE,1,333,1010,0.33,74,37.8,26.4,8.6,8.7,1.2,0.6,0.5479999999999999,0.363,0.674,12.9,0.221
2016-17,5,Isaiah Thomas,27,BOS,0,81,1010,0.08,76,33.8,28.9,2.7,5.9,0.9,0.2,0.46299999999999997,0.379,0.909,12.5,0.23399999999999999
2016-17,6,Stephen Curry,28,GSW,0,52,1010,0.051,79,33.4,25.3,4.5,6.6,1.8,0.2,0.46799999999999997,0.41100000000000003,0.898,12.6,0.22899999999999998
2016-17,7T,Giannis Antetokounmpo,22,MIL,0,7,1010,0.007,80,35.6,22.9,8.8,5.4,1.6,1.9,0.521,0.272,0.77,12.4,0.21
2016-17,7T,John Wall,26,WAS,0,7,1010,0.007,78,36.4,23.1,4.2,10.7,2,0.6,0.451,0.327,0.8009999999999999,8.8,0.149
2016-17,9T,Anthony Davis,23,NOP,0,2,1010,0.002,75,36.1,28,11.8,2.1,1.3,2.2,0.505,0.299,0.802,11,0.195
2016-17,9T,Kevin Durant,28,GSW,0,2,1010,0.002,62,33.4,25.1,8.3,4.8,1.1,1.6,0.537,0.375,0.875,12,0.278
2016-17,11,DeMar DeRozan,27,TOR,0,1,1010,0.001,74,35.4,27.3,5.2,3.9,1.1,0.2,0.467,0.266,0.8420000000000001,9,0.166
2017-18,1,James Harden,28,HOU,86,965,1010,0.955,72,35.4,30.4,5.4,8.8,1.8,0.7,0.449,0.36700000000000005,0.858,15.4,0.289
2017-18,2,LeBron James,33,CLE,15,738,1010,0.731,82,36.9,27.5,8.6,9.1,1.4,0.9,0.542,0.36700000000000005,0.731,14,0.221
2017-18,3,Anthony Davis,24,NOP,0,445,1010,0.441,75,36.4,28.1,11.1,2.3,1.5,2.6,0.534,0.34,0.828,13.7,0.24100000000000002
2017-18,4,Damian Lillard,27,POR,0,207,1010,0.205,73,36.6,26.9,4.5,6.6,1.1,0.4,0.439,0.361,0.9159999999999999,12.6,0.22699999999999998
2017-18,5,Russell Westbrook,29,OKC,0,76,1010,0.075,80,36.4,25.4,10.1,10.3,1.8,0.3,0.449,0.298,0.737,10.1,0.166
2017-18,6,Giannis Antetokounmpo,23,MIL,0,75,1010,0.074,75,36.7,26.9,10,4.8,1.5,1.4,0.529,0.307,0.76,11.9,0.207
2017-18,7,Kevin Durant,29,GSW,0,66,1010,0.065,68,34.2,26.4,6.8,5.4,0.7,1.8,0.516,0.419,0.889,10.4,0.215
2017-18,8,DeMar DeRozan,28,TOR,0,32,1010,0.032,80,33.9,23,3.9,5.2,1.1,0.3,0.456,0.31,0.825,9.6,0.17
2017-18,9,LaMarcus Aldridge,32,SAS,0,6,1010,0.006,75,33.5,23.1,8.5,2,0.6,1.2,0.51,0.293,0.8370000000000001,10.9,0.209
2017-18,10T,Jimmy Butler,28,MIN,0,5,1010,0.005,59,36.7,22.2,5.3,4.9,2,0.4,0.474,0.35,0.8540000000000001,8.9,0.198
2017-18,10T,Stephen Curry,29,GSW,0,5,1010,0.005,51,32,26.4,5.1,6.1,1.6,0.2,0.495,0.423,0.9209999999999999,9.1,0.267
2017-18,12,Joel Embiid,23,PHI,0,4,1010,0.004,63,30.3,22.9,11,3.2,0.6,1.8,0.483,0.308,0.769,6.2,0.155
2017-18,13,Victor Oladipo,25,IND,0,2,1010,0.002,75,34,23.1,5.2,4.3,2.4,0.8,0.47700000000000004,0.371,0.799,8.2,0.155
2018-19,1,Giannis Antetokounmpo,24,MIL,78,941,1010,0.932,72,32.8,27.7,12.5,5.9,1.3,1.5,0.578,0.256,0.7290000000000001,14.4,0.292
2018-19,2,James Harden,29,HOU,23,776,1010,0.768,78,36.8,36.1,6.6,7.5,2,0.7,0.442,0.368,0.879,15.2,0.254
2018-19,3,Paul George,28,OKC,0,356,1010,0.35200000000000004,77,36.9,28,8.2,4.1,2.2,0.4,0.43799999999999994,0.386,0.8390000000000001,11.9,0.201
2018-19,4,Nikola Jokic,23,DEN,0,212,1010,0.21,80,31.3,20.1,10.8,7.3,1.4,0.7,0.511,0.307,0.821,11.8,0.226
2018-19,5,Stephen Curry,30,GSW,0,175,1010,0.17300000000000001,69,33.8,27.3,5.3,5.2,1.3,0.4,0.47200000000000003,0.43700000000000006,0.9159999999999999,9.7,0.19899999999999998
2018-19,6,Damian Lillard,28,POR,0,69,1010,0.068,80,35.5,25.8,4.6,6.9,1.1,0.4,0.444,0.369,0.912,12.1,0.205
2018-19,7,Joel Embiid,24,PHI,0,49,1010,0.049,64,33.7,27.5,13.6,3.7,0.7,1.9,0.484,0.3,0.804,8.7,0.19399999999999998
2018-19,8,Kevin Durant,30,GSW,0,25,1010,0.025,78,34.6,26,6.4,5.9,0.7,1.1,0.521,0.353,0.885,11.5,0.204
2018-19,9,Kawhi Leonard,27,TOR,0,13,1010,0.013000000000000001,60,34,26.6,7.3,3.3,1.8,0.4,0.496,0.371,0.8540000000000001,9.5,0.22399999999999998
2018-19,10,Russell Westbrook,30,OKC,0,8,1010,0.008,73,36,22.9,11.1,10.7,1.9,0.5,0.428,0.29,0.6559999999999999,6.8,0.124
2018-19,11T,Rudy Gobert,26,UTA,0,1,1010,0.001,81,31.8,15.9,12.9,2,0.8,2.3,0.669,,0.636,14.4,0.268
2018-19,11T,LeBron James,34,LAL,0,1,1010,0.001,55,35.2,27.4,8.5,8.3,1.3,0.6,0.51,0.33899999999999997,0.665,7.2,0.179
2019-20,1,Giannis Antetokounmpo,25,MIL,85,962,1010,0.9520000000000001,63,30.4,29.5,13.6,5.6,1,1,0.5529999999999999,0.304,0.633,11.1,0.27899999999999997
2019-20,2,LeBron James,35,LAL,16,753,1010,0.746,67,34.6,25.3,7.8,10.2,1.2,0.5,0.493,0.348,0.693,9.8,0.204
2019-20,3,James Harden,30,HOU,0,367,1010,0.363,68,36.5,34.3,6.6,7.5,1.8,0.9,0.444,0.355,0.865,13.1,0.254
2019-20,4,Luka Doncic,20,DAL,0,200,1010,0.198,61,33.6,28.8,9.4,8.8,1,0.2,0.46299999999999997,0.316,0.758,8.8,0.207
2019-20,5,Kawhi Leonard,28,LAC,0,168,1010,0.166,57,32.4,27.1,7.1,4.9,1.8,0.6,0.47,0.37799999999999995,0.8859999999999999,8.7,0.226
2019-20,6,Anthony Davis,26,LAL,0,82,1010,0.081,62,34.4,26.1,9.3,3.2,1.5,2.3,0.503,0.33,0.846,11.1,0.25
2019-20,7,Chris Paul,34,OKC,0,26,1010,0.026000000000000002,70,31.5,17.6,5,6.7,1.6,0.2,0.489,0.365,0.907,8.9,0.193
2019-20,8,Damian Lillard,29,POR,0,23,1010,0.023,66,37.5,30,4.3,8,1.1,0.3,0.46299999999999997,0.401,0.888,11.6,0.225
2019-20,9,Nikola Jokic,24,DEN,0,18,1010,0.018000000000000002,73,32,19.9,9.7,7,1.2,0.6,0.528,0.314,0.8170000000000001,9.8,0.20199999999999999
2019-20,10,Pascal Siakam,25,TOR,0,17,1010,0.017,60,35.2,22.9,7.3,3.5,1,0.9,0.45299999999999996,0.359,0.792,5.4,0.12300000000000001
2019-20,11,Jimmy Butler,30,MIA,0,9,1010,0.009,58,33.8,19.9,6.7,6,1.8,0.6,0.455,0.244,0.8340000000000001,9,0.221
2019-20,12,Jayson Tatum,21,BOS,0,1,1010,0.001,66,34.3,23.4,7,3,1.4,0.9,0.45,0.40299999999999997,0.812,6.9,0.146
2020-21,1,Nikola Jokic,25,DEN,91,971,1010,0.961,72,34.6,26.4,10.8,8.3,1.3,0.7,0.5660000000000001,0.38799999999999996,0.868,15.6,0.301
2020-21,2,Joel Embiid,26,PHI,1,586,1010,0.58,51,31.1,28.5,10.6,2.8,1,1.4,0.513,0.377,0.8590000000000001,8.8,0.266
2020-21,3,Stephen Curry,32,GSW,5,453,1010,0.449,63,34.2,32,5.5,5.8,1.2,0.1,0.48200000000000004,0.42100000000000004,0.9159999999999999,9,0.201
2020-21,4,Giannis Antetokounmpo,26,MIL,1,348,1010,0.345,61,33,28.1,11,5.9,1.2,1.2,0.569,0.303,0.685,10.2,0.244
2020-21,5,Chris Paul,35,PHO,2,139,1010,0.138,70,31.4,16.4,4.5,8.9,1.4,0.3,0.499,0.395,0.934,9.2,0.201
2020-21,6,Luka Doncic,21,DAL,0,42,1010,0.042,66,34.3,27.7,8,8.6,1,0.5,0.479,0.35,0.73,7.7,0.163
2020-21,7,Damian Lillard,30,POR,0,38,1010,0.038,67,35.8,28.8,4.2,7.5,0.9,0.3,0.451,0.391,0.9279999999999999,10.4,0.209
2020-21,8,Julius Randle,26,NYK,0,20,1010,0.02,71,37.6,24.1,10.2,6,0.9,0.3,0.456,0.41100000000000003,0.8109999999999999,7.8,0.14
2020-21,9,Derrick Rose,32,TOT,1,10,1010,0.01,50,25.6,14.7,2.6,4.2,1,0.4,0.47,0.38799999999999996,0.866,3.1,0.11800000000000001
2020-21,10,Rudy Gobert,28,UTA,0,8,1010,0.008,71,30.8,14.3,13.5,1.3,0.6,2.7,0.675,0,0.623,11.3,0.248
2020-21,11,Russell Westbrook,32,WAS,0,5,1010,0.005,65,36.4,22.2,11.5,11.7,1.4,0.4,0.439,0.315,0.6559999999999999,3.7,0.075
2020-21,12,Ben Simmons,24,PHI,0,3,1010,0.003,58,32.4,14.3,7.2,6.9,1.6,0.6,0.557,0.3,0.613,6,0.153
2020-21,13T,James Harden,31,TOT,0,1,1010,0.001,44,36.6,24.6,7.9,10.8,1.2,0.8,0.466,0.36200000000000004,0.861,7,0.20800000000000002
2020-21,13T,LeBron James,36,LAL,0,1,1010,0.001,45,33.4,25,7.7,7.8,1.1,0.6,0.513,0.365,0.698,5.6,0.179
2020-21,13T,Kawhi Leonard,29,LAC,0,1,1010,0.001,52,34.1,24.8,6.5,5.2,1.6,0.4,0.512,0.39799999999999996,0.885,8.8,0.23800000000000002
2021-22,1,Nikola Jokic,26,DEN,65,875,1000,0.875,74,33.5,27.1,13.8,7.9,1.5,0.9,0.583,0.337,0.81,15.2,0.296
2021-22,2,Joel Embiid,27,PHI,26,706,1000,0.706,68,33.8,30.6,11.7,4.2,1.1,1.5,0.499,0.371,0.814,12,0.252
2021-22,3,Giannis Antetokounmpo,27,MIL,9,595,1000,0.595,67,32.9,29.9,11.6,5.8,1.1,1.4,0.553,0.293,0.722,12.9,0.281
2021-22,4,Devin Booker,25,PHO,0,216,1000,0.216,68,34.5,26.8,5,4.8,1.1,0.4,0.466,0.383,0.868,7.6,0.156
2021-22,5,Luka Doncic,22,DAL,0,146,1000,0.146,65,35.4,28.4,9.1,8.7,1.2,0.6,0.457,0.353,0.744,7.6,0.159
2021-22,6,Jayson Tatum,23,BOS,0,43,1000,0.043,76,35.9,26.9,8,4.4,1,0.6,0.453,0.353,0.853,9.6,0.169
2021-22,7,Ja Morant,22,MEM,0,10,1000,0.01,57,33.1,27.4,5.7,6.7,1.2,0.4,0.493,0.344,0.761,6.7,0.171
2021-22,8,Stephen Curry,33,GSW,0,4,1000,0.004,64,34.5,25.5,5.2,6.3,1.3,0.4,0.437,0.38,0.923,8,0.173
2021-22,9,Chris Paul,36,PHO,0,2,1000,0.002,65,32.9,14.7,4.4,10.8,1.9,0.3,0.493,0.317,0.837,9.4,0.21
2021-22,10T,DeMar DeRozan,32,CHI,0,1,1000,0.001,76,36.1,27.9,5.2,4.9,0.9,0.3,0.504,0.352,0.877,8.8,0.154
2021-22,10T,Kevin Durant,33,BRK,0,1,1000,0.001,55,37.2,29.9,7.4,6.4,0.9,0.9,0.518,0.383,0.91,8.4,0.198
2021-22,10T,LeBron James,37,LAL,0,1,1000,0.001,56,37.2,30.3,8.2,6.2,1.3,1.1,0.524,0.359,0.756,7.5,0.172
2022-23,1,Joel Embiid,28,PHI,73,915,1000,0.915,66,34.6,33.1,10.2,4.2,1,1.7,0.548,0.33,0.857,12.3,0.259
2022-23,2,Nikola Jokic,27,DEN,15,674,1000,0.674,69,33.7,24.5,11.8,9.8,1.3,0.7,0.632,0.383,0.822,14.9,0.308
2022-23,3,Giannis Antetokounmpo,28,MIL,12,606,1000,0.606,63,32.1,31.1,11.8,5.7,0.8,0.8,0.553,0.275,0.645,8.6,0.204
2022-23,4,Jayson Tatum,24,BOS,0,280,1000,0.28,74,36.9,30.1,8.8,4.6,1.1,0.7,0.466,0.35,0.854,10.5,0.185
2022-23,5,Shai Gilgeous-Alexander,24,OKC,0,46,1000,0.046,68,35.5,31.4,4.8,5.5,1.6,1,0.51,0.345,0.905,11.4,0.226
2022-23,6,Donovan Mitchell,26,CLE,0,30,1000,0.03,68,35.8,28.3,4.3,4.4,1.5,0.4,0.484,0.386,0.867,8.9,0.176
2022-23,7,Domantas Sabonis,26,SAC,0,27,1000,0.027,79,34.6,19.1,12.3,7.3,0.8,0.5,0.615,0.373,0.742,12.6,0.221
2022-23,8,Luka Doncic,23,DAL,0,10,1000,0.01,66,36.2,32.4,8.6,8,1.4,0.5,0.496,0.342,0.742,10.2,0.204
2022-23,9,Stephen Curry,34,GSW,0,5,1000,0.005,56,34.7,29.4,6.1,6.3,0.9,0.4,0.493,0.427,0.915,7.8,0.192
2022-23,10,Jimmy Butler,33,MIA,0,3,1000,0.003,64,33.4,22.9,5.9,5.3,1.8,0.3,0.539,0.35,0.85,12.3,0.277
2022-23,11,De'Aaron Fox,25,SAC,0,2,1000,0.002,73,33.4,25,4.2,6.1,1.1,0.3,0.512,0.324,0.78,7.4,0.146
2022-23,12T,Jalen Brunson,26,NYK,0,1,1000,0.001,68,35,24,3.5,6.2,0.9,0.2,0.491,0.416,0.829,8.7,0.175
2022-23,12T,Ja Morant,23,MEM,0,1,1000,0.001,61,31.9,26.2,5.9,8.1,1.1,0.3,0.466,0.307,0.748,6,0.148